"trackerId","datetime","longitude","latitude","speed","heading","driver","deviceStatus","session","motionActivity","sysId","_t","meta"
"23A89814-3D2E-4DBC-8005-291F92364501@ramesh678",2023-09-18 21:07:08.000,106.65824896092084,10.802998922532163,0.0,0.0,ramesh678,2,1,1,EOIHHN,2023-09-18 20:07:21.000,""
"23A89814-3D2E-4DBC-8005-291F92364501@ramesh678",2023-09-18 21:07:09.000,106.66001466398315,10.802565177563583,0.0,208.1543,ramesh678,2,1,1,EOIHHN,2023-09-18 20:07:21.000,""
"23A89814-3D2E-4DBC-8005-291F92364501@ramesh678",2023-09-18 21:07:09.000,106.66002143236379,10.80256912146467,0.0,208.1543,ramesh678,2,1,1,EOIHHN,2023-09-18 20:07:21.000,""
"23A89814-3D2E-4DBC-8005-291F92364501@ramesh678",2023-09-18 21:07:19.000,106.66002143236379,10.80256912146467,0.0,208.1543,ramesh678,2,1,1,EOIHHN,2023-09-18 20:07:25.000,""
"23A89814-3D2E-4DBC-8005-291F92364501@ramesh678",2023-09-18 21:07:24.000,106.66002143236379,10.80256912146467,0.0,208.1543,ramesh678,2,1,1,EOIHHN,2023-09-18 20:07:30.000,""
"23A89814-3D2E-4DBC-8005-291F92364501@ramesh678",2023-09-18 21:07:29.000,106.66002143236379,10.80256912146467,0.0,208.1543,ramesh678,2,1,1,EOIHHN,2023-09-18 20:07:35.000,""
"23A89814-3D2E-4DBC-8005-291F92364501@ramesh678",2023-09-18 21:07:34.000,106.66002143236379,10.80256912146467,0.0,208.1543,ramesh678,2,1,1,EOIHHN,2023-09-18 20:07:40.000,""
"23A89814-3D2E-4DBC-8005-291F92364501@ramesh678",2023-09-18 20:07:39.000,106.66002143236379,10.80256912146467,0.0,208.1543,ramesh678,2,1695048242,64,EOIHHN,2023-09-18 20:07:45.000,""
"23A89814-3D2E-4DBC-8005-291F92364501@ramesh678",2023-09-18 20:14:02.000,106.65920967368636,10.793778847708758,0.0,0.0,ramesh678,2,1695048242,16,EOIHHN,2023-09-18 20:14:14.000,""
"23A89814-3D2E-4DBC-8005-291F92364501@ramesh678",2023-09-18 20:14:02.000,106.65920967368636,10.793778847708758,0.0,0.0,ramesh678,2,1695048242,16,EOIHHN,2023-09-18 20:14:14.000,""
"23A89814-3D2E-4DBC-8005-291F92364501@ramesh678",2023-09-18 20:14:07.000,106.65923979763231,10.793718607724447,2.724773,122.12782,ramesh678,1,1695048242,64,EOIHHN,2023-09-18 20:14:14.000,""
"23A89814-3D2E-4DBC-8005-291F92364501@ramesh678",2023-09-18 20:14:11.000,106.65921076614833,10.793495514398272,4.2398334,183.48482,ramesh678,1,1695048242,64,EOIHHN,2023-09-18 20:14:19.000,""
"23A89814-3D2E-4DBC-8005-291F92364501@ramesh678",2023-09-18 20:14:17.000,106.65921076614833,10.793495514398272,4.2398334,183.48482,ramesh678,1,1695048242,64,EOIHHN,2023-09-18 20:14:24.000,""
"23A89814-3D2E-4DBC-8005-291F92364501@ramesh678",2023-09-18 20:14:21.000,106.65945236830196,10.793183572893469,6.4383993,130.43733,ramesh678,1,1695048242,64,EOIHHN,2023-09-18 20:14:29.000,""
"23A89814-3D2E-4DBC-8005-291F92364501@ramesh678",2023-09-18 20:14:22.000,106.65939989091143,10.792987769861933,6.9554043,126.59252,ramesh678,1,1695048242,64,EOIHHN,2023-09-18 20:14:29.000,""
"23A89814-3D2E-4DBC-8005-291F92364501@ramesh678",2023-09-18 20:14:25.000,106.65959055266002,10.792847810363755,7.906602,126.59252,ramesh678,1,1695048242,64,EOIHHN,2023-09-18 20:14:34.000,""
"23A89814-3D2E-4DBC-8005-291F92364501@ramesh678",2023-09-18 20:14:29.000,106.65996388726364,10.792539065957508,8.9558115,129.54916,ramesh678,1,1695048242,64,EOIHHN,2023-09-18 20:14:39.000,""
"23A89814-3D2E-4DBC-8005-291F92364501@ramesh678",2023-09-18 20:14:32.000,106.66017223638045,10.792379240092872,9.100042,129.54916,ramesh678,1,1695048242,64,EOIHHN,2023-09-18 20:14:39.000,""
"23A89814-3D2E-4DBC-8005-291F92364501@ramesh678",2023-09-18 20:14:35.000,106.66034524243106,10.792258601578368,8.583089,129.54916,ramesh678,1,1695048242,64,EOIHHN,2023-09-18 20:14:44.000,""
"23A89814-3D2E-4DBC-8005-291F92364501@ramesh678",2023-09-18 20:14:40.000,106.66067267940112,10.791983993917485,9.367174,129.54916,ramesh678,1,1695048242,1,EOIHHN,2023-09-18 20:14:49.000,""
"23A89814-3D2E-4DBC-8005-291F92364501@ramesh678",2023-09-18 20:14:46.000,106.66107619512489,10.791762099775365,6.7990346,108.32386,ramesh678,1,1695048242,1,EOIHHN,2023-09-18 20:14:54.000,""
"23A89814-3D2E-4DBC-8005-291F92364501@ramesh678",2023-09-18 20:14:49.000,106.66127352662485,10.791697486016984,6.372919,108.32386,ramesh678,1,1695048242,1,EOIHHN,2023-09-18 20:14:59.000,""
"23A89814-3D2E-4DBC-8005-291F92364501@ramesh678",2023-09-18 20:14:56.000,106.66144935118963,10.791639914438704,0.0,108.32386,ramesh678,2,1695048242,1,EOIHHN,2023-09-18 20:15:04.000,""
"23A89814-3D2E-4DBC-8005-291F92364501@ramesh678",2023-09-18 20:15:02.000,106.66144935118963,10.791639914438704,0.0,108.32386,ramesh678,2,1695048242,1,EOIHHN,2023-09-18 20:15:09.000,""
"23A89814-3D2E-4DBC-8005-291F92364501@ramesh678",2023-09-18 20:15:07.000,106.66144935118963,10.791639914438704,0.0,108.32386,ramesh678,2,1695048242,1,EOIHHN,2023-09-18 20:15:14.000,""
"23A89814-3D2E-4DBC-8005-291F92364501@ramesh678",2023-09-18 20:15:12.000,106.66144935118963,10.791639914438704,0.0,108.32386,ramesh678,2,1695048242,1,EOIHHN,2023-09-18 20:15:19.000,""
"23A89814-3D2E-4DBC-8005-291F92364501@ramesh678",2023-09-18 20:15:15.000,106.66166576738662,10.791575328257322,4.143646,108.51912,ramesh678,1,1695048242,1,EOIHHN,2023-09-18 20:15:24.000,""
"23A89814-3D2E-4DBC-8005-291F92364501@ramesh678",2023-09-18 20:15:19.000,106.6618603863699,10.7915092414294,5.4302187,108.65521,ramesh678,1,1695048242,1,EOIHHN,2023-09-18 20:15:29.000,""
"23A89814-3D2E-4DBC-8005-291F92364501@ramesh678",2023-09-18 20:15:27.000,106.6622389542625,10.791445115130067,5.913883,88.97454,ramesh678,1,1695048242,1,EOIHHN,2023-09-18 20:15:34.000,""
"23A89814-3D2E-4DBC-8005-291F92364501@ramesh678",2023-09-18 20:15:30.000,106.66246694606687,10.791462952821023,7.6656313,87.83937,ramesh678,1,1695048242,1,EOIHHN,2023-09-18 20:15:39.000,""
"23A89814-3D2E-4DBC-8005-291F92364501@ramesh678",2023-09-18 20:15:36.000,106.66296747063095,10.791440250303493,8.67541,90.73203,ramesh678,1,1695048242,1,EOIHHN,2023-09-18 20:15:44.000,""
"23A89814-3D2E-4DBC-8005-291F92364501@ramesh678",2023-09-18 20:15:39.000,106.6632309509697,10.791403155348226,9.068289,97.90943,ramesh678,1,1695048242,1,EOIHHN,2023-09-18 20:15:54.000,""
"23A89814-3D2E-4DBC-8005-291F92364501@ramesh678",2023-09-18 20:15:41.000,106.66340842710572,10.791359012163404,9.358618,106.81278,ramesh678,1,1695048242,1,EOIHHN,2023-09-18 20:15:54.000,""
"23A89814-3D2E-4DBC-8005-291F92364501@ramesh678",2023-09-18 20:15:50.000,106.66413061158362,10.791121003257292,8.245542,111.017296,ramesh678,1,1695048242,1,EOIHHN,2023-09-18 20:15:59.000,""
"23A89814-3D2E-4DBC-8005-291F92364501@ramesh678",2023-09-18 20:15:52.000,106.66431255909505,10.791057189033232,9.141636,111.017296,ramesh678,1,1695048242,1,EOIHHN,2023-09-18 20:15:59.000,""
"23A89814-3D2E-4DBC-8005-291F92364501@ramesh678",2023-09-18 20:15:55.000,106.66455650433664,10.790952023252332,9.527531,111.28716,ramesh678,1,1695048242,1,EOIHHN,2023-09-18 20:16:04.000,""
"23A89814-3D2E-4DBC-8005-291F92364501@ramesh678",2023-09-18 20:16:01.000,106.66503263854614,10.79078182194399,8.918283,110.64012,ramesh678,1,1695048242,1,EOIHHN,2023-09-18 20:16:09.000,""
"23A89814-3D2E-4DBC-8005-291F92364501@ramesh678",2023-09-18 20:16:04.000,106.66525791616323,10.790697912945973,8.337011,110.64012,ramesh678,1,1695048242,1,EOIHHN,2023-09-18 20:16:14.000,""
"23A89814-3D2E-4DBC-8005-291F92364501@ramesh678",2023-09-18 20:16:07.000,106.66549159260842,10.790622402077107,8.242535,104.74658,ramesh678,1,1695048242,1,EOIHHN,2023-09-18 20:16:14.000,""
"23A89814-3D2E-4DBC-8005-291F92364501@ramesh678",2023-09-18 20:16:10.000,106.66573293258813,10.790588499905557,8.194215,101.75282,ramesh678,1,1695048242,1,EOIHHN,2023-09-18 20:16:19.000,""
"23A89814-3D2E-4DBC-8005-291F92364501@ramesh678",2023-09-18 20:16:16.000,106.66618054343715,10.790438876881238,8.001898,111.59981,ramesh678,1,1695048242,1,EOIHHN,2023-09-18 20:16:24.000,""
"23A89814-3D2E-4DBC-8005-291F92364501@ramesh678",2023-09-18 20:16:19.000,106.66638399417525,10.790295653903467,8.487115,121.47428,ramesh678,1,1695048242,1,EOIHHN,2023-09-18 20:16:29.000,""
"23A89814-3D2E-4DBC-8005-291F92364501@ramesh678",2023-09-18 20:16:21.000,106.66623513917143,10.79009371725378,7.7671924,161.38293,ramesh678,1,1695048242,1,EOIHHN,2023-09-18 20:16:29.000,""
"23A89814-3D2E-4DBC-8005-291F92364501@ramesh678",2023-09-18 20:16:24.000,106.66631170597574,10.789868996407776,8.668145,161.38293,ramesh678,1,1695048242,1,EOIHHN,2023-09-18 20:16:34.000,""
"23A89814-3D2E-4DBC-8005-291F92364501@ramesh678",2023-09-18 20:16:27.000,106.66641290608764,10.789717533048595,9.240436,199.66689,ramesh678,1,1695048242,1,EOIHHN,2023-09-18 20:16:34.000,""
"23A89814-3D2E-4DBC-8005-291F92364501@ramesh678",2023-09-18 20:16:30.000,106.66643927296755,10.789514913569342,7.6786385,174.94348,ramesh678,1,1695048242,1,EOIHHN,2023-09-18 20:16:39.000,""
"23A89814-3D2E-4DBC-8005-291F92364501@ramesh678",2023-09-18 20:16:35.000,106.66676675474466,10.789219862716914,10.29848,115.929405,ramesh678,1,1695048242,1,EOIHHN,2023-09-18 20:16:44.000,""
"23A89814-3D2E-4DBC-8005-291F92364501@ramesh678",2023-09-18 20:16:41.000,106.6672444964419,10.788983131680185,9.691241,116.93945,ramesh678,1,1695048242,1,EOIHHN,2023-09-18 20:16:49.000,""
"23A89814-3D2E-4DBC-8005-291F92364501@ramesh678",2023-09-18 20:16:43.000,106.66742204279417,10.788894475079086,10.195363,116.60393,ramesh678,1,1695048242,1,EOIHHN,2023-09-18 20:16:54.000,""
"23A89814-3D2E-4DBC-8005-291F92364501@ramesh678",2023-09-18 20:16:45.000,106.66760275769317,10.788804937637266,10.563277,116.78065,ramesh678,1,1695048242,1,EOIHHN,2023-09-18 20:16:54.000,""
"23A89814-3D2E-4DBC-8005-291F92364501@ramesh678",2023-09-18 20:16:47.000,106.6677789557958,10.78871940952435,10.324514,116.78065,ramesh678,1,1695048242,1,EOIHHN,2023-09-18 20:16:54.000,""
"23A89814-3D2E-4DBC-8005-291F92364501@ramesh678",2023-09-18 20:16:49.000,106.66794476669322,10.788636866293386,10.081249,116.78065,ramesh678,1,1695048242,1,EOIHHN,2023-09-18 20:16:59.000,""
"23A89814-3D2E-4DBC-8005-291F92364501@ramesh678",2023-09-18 20:16:51.000,106.66811330695592,10.78856500911432,9.5105295,110.99125,ramesh678,1,1695048242,1,EOIHHN,2023-09-18 20:16:59.000,""
"23A89814-3D2E-4DBC-8005-291F92364501@ramesh678",2023-09-18 20:16:55.000,106.66847435745923,10.788426665876386,10.282224,110.99125,ramesh678,1,1695048242,1,EOIHHN,2023-09-18 20:17:04.000,""
"23A89814-3D2E-4DBC-8005-291F92364501@ramesh678",2023-09-18 20:16:57.000,106.66866281411077,10.788355751794429,10.627649,110.99093,ramesh678,1,1695048242,1,EOIHHN,2023-09-18 20:17:04.000,""
"23A89814-3D2E-4DBC-8005-291F92364501@ramesh678",2023-09-18 20:16:59.000,106.66883732185646,10.788291085172927,10.276302,110.823685,ramesh678,1,1695048242,1,EOIHHN,2023-09-18 20:17:09.000,""
"23A89814-3D2E-4DBC-8005-291F92364501@ramesh678",2023-09-18 20:17:01.000,106.66901468171777,10.788224692664885,10.115153,110.97564,ramesh678,1,1695048242,1,EOIHHN,2023-09-18 20:17:09.000,""
"23A89814-3D2E-4DBC-8005-291F92364501@ramesh678",2023-09-18 20:17:04.000,106.66924958485895,10.788146393774765,9.170241,107.198586,ramesh678,1,1695048242,1,EOIHHN,2023-09-18 20:17:14.000,""
"23A89814-3D2E-4DBC-8005-291F92364501@ramesh678",2023-09-18 20:17:07.000,106.66949063889136,10.788048703180664,9.058292,107.18412,ramesh678,1,1695048242,1,EOIHHN,2023-09-18 20:17:14.000,""
"23A89814-3D2E-4DBC-8005-291F92364501@ramesh678",2023-09-18 20:17:10.000,106.66975449666461,10.787982490003188,9.537075,107.8825,ramesh678,1,1695048242,1,EOIHHN,2023-09-18 20:17:19.000,""
"23A89814-3D2E-4DBC-8005-291F92364501@ramesh678",2023-09-18 20:17:15.000,106.67019776338017,10.787856184457324,9.767939,107.8825,ramesh678,1,1695048242,1,EOIHHN,2023-09-18 20:17:24.000,""
"23A89814-3D2E-4DBC-8005-291F92364501@ramesh678",2023-09-18 20:17:18.000,106.67042903710353,10.787777837029594,8.8735695,108.51363,ramesh678,1,1695048242,1,EOIHHN,2023-09-18 20:17:29.000,""
"23A89814-3D2E-4DBC-8005-291F92364501@ramesh678",2023-09-18 20:17:21.000,106.67064015922668,10.787696649924538,6.798257,108.51363,ramesh678,1,1695048242,1,EOIHHN,2023-09-18 20:17:29.000,""
"23A89814-3D2E-4DBC-8005-291F92364501@ramesh678",2023-09-18 20:17:25.000,106.67083132168298,10.78762783715695,6.25244,110.43425,ramesh678,1,1695048242,1,EOIHHN,2023-09-18 20:17:34.000,""
"23A89814-3D2E-4DBC-8005-291F92364501@ramesh678",2023-09-18 20:17:28.000,106.67104445678487,10.787567427507007,9.077717,107.76443,ramesh678,1,1695048242,1,EOIHHN,2023-09-18 20:17:39.000,""
"23A89814-3D2E-4DBC-8005-291F92364501@ramesh678",2023-09-18 20:17:30.000,106.67122491071237,10.787534420269715,10.011599,107.76443,ramesh678,1,1695048242,1,EOIHHN,2023-09-18 20:17:39.000,""
"23A89814-3D2E-4DBC-8005-291F92364501@ramesh678",2023-09-18 20:17:32.000,106.67140132985782,10.787467588091419,10.563378,107.12274,ramesh678,1,1695048242,1,EOIHHN,2023-09-18 20:17:39.000,""
"23A89814-3D2E-4DBC-8005-291F92364501@ramesh678",2023-09-18 20:17:35.000,106.67166692703567,10.78738315579911,10.936711,108.41052,ramesh678,1,1695048242,1,EOIHHN,2023-09-18 20:17:44.000,""
"23A89814-3D2E-4DBC-8005-291F92364501@ramesh678",2023-09-18 20:17:41.000,106.67213763794676,10.787232693512198,8.465523,105.97506,ramesh678,1,1695048242,1,EOIHHN,2023-09-18 20:17:49.000,""
"23A89814-3D2E-4DBC-8005-291F92364501@ramesh678",2023-09-18 20:17:44.000,106.67238077504435,10.787163875031887,9.886991,105.97506,ramesh678,1,1695048242,1,EOIHHN,2023-09-18 20:17:54.000,""
"23A89814-3D2E-4DBC-8005-291F92364501@ramesh678",2023-09-18 20:17:47.000,106.67263703623169,10.787085710171114,9.513557,107.27494,ramesh678,1,1695048242,1,EOIHHN,2023-09-18 20:17:54.000,""
"23A89814-3D2E-4DBC-8005-291F92364501@ramesh678",2023-09-18 20:17:50.000,106.6728992019289,10.787003966630381,9.162544,107.642654,ramesh678,1,1695048242,1,EOIHHN,2023-09-18 20:17:59.000,""
"23A89814-3D2E-4DBC-8005-291F92364501@ramesh678",2023-09-18 20:17:56.000,106.67340584874077,10.786845043485995,9.101639,107.51552,ramesh678,1,1695048242,1,EOIHHN,2023-09-18 20:18:04.000,""
"23A89814-3D2E-4DBC-8005-291F92364501@ramesh678",2023-09-18 20:17:59.000,106.67365089201648,10.786765820347346,9.099424,108.3238,ramesh678,1,1695048242,1,EOIHHN,2023-09-18 20:18:09.000,""
"23A89814-3D2E-4DBC-8005-291F92364501@ramesh678",2023-09-18 20:18:02.000,106.67388446336786,10.786712169185696,8.908675,110.280266,ramesh678,1,1695048242,1,EOIHHN,2023-09-18 20:18:09.000,""
"23A89814-3D2E-4DBC-8005-291F92364501@ramesh678",2023-09-18 20:18:05.000,106.67411851320584,10.786613796237223,9.079502,110.93922,ramesh678,1,1695048242,1,EOIHHN,2023-09-18 20:18:14.000,""
"23A89814-3D2E-4DBC-8005-291F92364501@ramesh678",2023-09-18 20:18:11.000,106.67450859392494,10.786365983503758,8.252114,130.91757,ramesh678,1,1695048242,1,EOIHHN,2023-09-18 20:18:19.000,""
"23A89814-3D2E-4DBC-8005-291F92364501@ramesh678",2023-09-18 20:18:14.000,106.67470661392814,10.78619628373659,9.114117,130.91757,ramesh678,1,1695048242,1,EOIHHN,2023-09-18 20:18:24.000,""
"23A89814-3D2E-4DBC-8005-291F92364501@ramesh678",2023-09-18 20:18:17.000,106.6748840853731,10.786044193730277,7.6017747,130.91757,ramesh678,1,1695048242,1,EOIHHN,2023-09-18 20:18:24.000,""
"23A89814-3D2E-4DBC-8005-291F92364501@ramesh678",2023-09-18 20:18:20.000,106.67505899789627,10.785901696025604,9.030334,128.62508,ramesh678,1,1695048242,1,EOIHHN,2023-09-18 20:18:34.000,""
"23A89814-3D2E-4DBC-8005-291F92364501@ramesh678",2023-09-18 20:18:29.000,106.6756723544706,10.785418845935018,10.500208,128.44846,ramesh678,1,1695048242,1,EOIHHN,2023-09-18 20:18:39.000,""
"23A89814-3D2E-4DBC-8005-291F92364501@ramesh678",2023-09-18 20:18:31.000,106.6758303724567,10.785300141360528,10.489034,127.44228,ramesh678,1,1695048242,1,EOIHHN,2023-09-18 20:18:39.000,""
"23A89814-3D2E-4DBC-8005-291F92364501@ramesh678",2023-09-18 20:18:33.000,106.67598730255251,10.785190667269516,10.378358,124.88528,ramesh678,1,1695048242,1,EOIHHN,2023-09-18 20:18:44.000,""
"23A89814-3D2E-4DBC-8005-291F92364501@ramesh678",2023-09-18 20:18:35.000,106.67613542100877,10.785080490909145,9.976422,127.18249,ramesh678,1,1695048242,1,EOIHHN,2023-09-18 20:18:44.000,""
"23A89814-3D2E-4DBC-8005-291F92364501@ramesh678",2023-09-18 20:18:37.000,106.67628399813326,10.7849690581047,10.007682,127.18249,ramesh678,1,1695048242,1,EOIHHN,2023-09-18 20:18:44.000,""
"23A89814-3D2E-4DBC-8005-291F92364501@ramesh678",2023-09-18 20:18:40.000,106.67650179536656,10.784811960045758,9.450747,120.748535,ramesh678,1,1695048242,1,EOIHHN,2023-09-18 20:18:49.000,""
"23A89814-3D2E-4DBC-8005-291F92364501@ramesh678",2023-09-18 20:18:42.000,106.67666115991469,10.78471822347521,9.771335,120.748535,ramesh678,1,1695048242,1,EOIHHN,2023-09-18 20:18:49.000,""
"23A89814-3D2E-4DBC-8005-291F92364501@ramesh678",2023-09-18 20:18:44.000,106.67684618501548,10.784638600226526,11.188353,112.71959,ramesh678,1,1695048242,1,EOIHHN,2023-09-18 20:18:54.000,""
"23A89814-3D2E-4DBC-8005-291F92364501@ramesh678",2023-09-18 20:18:46.000,106.67704102176972,10.784575702141614,11.89766,107.5583,ramesh678,1,1695048242,1,EOIHHN,2023-09-18 20:18:54.000,""
"23A89814-3D2E-4DBC-8005-291F92364501@ramesh678",2023-09-18 20:18:48.000,106.67724234384605,10.784510286362648,11.485987,108.323875,ramesh678,1,1695048242,1,EOIHHN,2023-09-18 20:18:59.000,""
"23A89814-3D2E-4DBC-8005-291F92364501@ramesh678",2023-09-18 20:18:50.000,106.67743396811015,10.784447540331662,10.650578,108.323875,ramesh678,1,1695048242,1,EOIHHN,2023-09-18 20:18:59.000,""
"23A89814-3D2E-4DBC-8005-291F92364501@ramesh678",2023-09-18 20:18:56.000,106.67783276900956,10.784192651838607,8.099958,134.81459,ramesh678,1,1695048242,1,EOIHHN,2023-09-18 20:19:04.000,""
"23A89814-3D2E-4DBC-8005-291F92364501@ramesh678",2023-09-18 20:18:59.000,106.67801105774984,10.784025723689869,8.315877,131.56694,ramesh678,1,1695048242,1,EOIHHN,2023-09-18 20:19:09.000,""
"23A89814-3D2E-4DBC-8005-291F92364501@ramesh678",2023-09-18 20:19:01.000,106.67813333625313,10.783935262113065,7.0068135,114.30456,ramesh678,1,1695048242,1,EOIHHN,2023-09-18 20:19:09.000,""
"23A89814-3D2E-4DBC-8005-291F92364501@ramesh678",2023-09-18 20:19:02.000,106.67818602556385,10.783911735446425,6.756457,114.30456,ramesh678,1,1695048242,1,EOIHHN,2023-09-18 20:19:09.000,""
"23A89814-3D2E-4DBC-8005-291F92364501@ramesh678",2023-09-18 20:19:06.000,106.67843477957531,10.78389425248783,7.4518714,98.70463,ramesh678,1,1695048242,1,EOIHHN,2023-09-18 20:19:14.000,""
"23A89814-3D2E-4DBC-8005-291F92364501@ramesh678",2023-09-18 20:19:09.000,106.67864399663259,10.78390122898395,8.457184,90.86549,ramesh678,1,1695048242,1,EOIHHN,2023-09-18 20:19:19.000,""
"23A89814-3D2E-4DBC-8005-291F92364501@ramesh678",2023-09-18 20:19:12.000,106.67887285584119,10.783911330064148,8.661219,82.83177,ramesh678,1,1695048242,1,EOIHHN,2023-09-18 20:19:19.000,""
"23A89814-3D2E-4DBC-8005-291F92364501@ramesh678",2023-09-18 20:19:15.000,106.67911190687039,10.78394760813226,8.353867,70.73113,ramesh678,1,1695048242,1,EOIHHN,2023-09-18 20:19:24.000,""
"23A89814-3D2E-4DBC-8005-291F92364501@ramesh678",2023-09-18 20:19:21.000,106.67956662728834,10.784033638883862,8.06026,90.71455,ramesh678,1,1695048242,1,EOIHHN,2023-09-18 20:19:29.000,""
"23A89814-3D2E-4DBC-8005-291F92364501@ramesh678",2023-09-18 20:19:24.000,106.67978178689121,10.784029328046392,7.7234664,90.34496,ramesh678,1,1695048242,1,EOIHHN,2023-09-18 20:19:34.000,""
"23A89814-3D2E-4DBC-8005-291F92364501@ramesh678",2023-09-18 20:19:27.000,106.68001519185906,10.78401232009687,7.1782136,90.34496,ramesh678,1,1695048242,1,EOIHHN,2023-09-18 20:19:34.000,""
"23A89814-3D2E-4DBC-8005-291F92364501@ramesh678",2023-09-18 20:19:31.000,106.68021905561444,10.783991411776695,4.911922,94.24051,ramesh678,1,1695048242,1,EOIHHN,2023-09-18 20:19:39.000,""
"23A89814-3D2E-4DBC-8005-291F92364501@ramesh678",2023-09-18 20:19:36.000,106.68028827246494,10.783768699078585,7.0889726,191.01007,ramesh678,1,1695048242,1,EOIHHN,2023-09-18 20:19:44.000,""
"23A89814-3D2E-4DBC-8005-291F92364501@ramesh678",2023-09-18 20:19:39.000,106.68025658107827,10.783542820416349,8.400498,185.47542,ramesh678,1,1695048242,1,EOIHHN,2023-09-18 20:19:49.000,""
"23A89814-3D2E-4DBC-8005-291F92364501@ramesh678",2023-09-18 20:19:42.000,106.6802296225389,10.783306913424353,9.100911,185.47551,ramesh678,1,1695048242,1,EOIHHN,2023-09-18 20:19:49.000,""
"23A89814-3D2E-4DBC-8005-291F92364501@ramesh678",2023-09-18 20:19:45.000,106.68017888549892,10.783087571275729,8.537408,185.47551,ramesh678,1,1695048242,1,EOIHHN,2023-09-18 20:19:54.000,""
"23A89814-3D2E-4DBC-8005-291F92364501@ramesh678",2023-09-18 20:19:52.000,106.68014747314012,10.782664190228783,4.863385,184.42715,ramesh678,1,1695048242,1,EOIHHN,2023-09-18 20:19:59.000,""
"23A89814-3D2E-4DBC-8005-291F92364501@ramesh678",2023-09-18 20:19:56.000,106.68026223002893,10.782514252133378,6.0907707,113.26957,ramesh678,1,1695048242,1,EOIHHN,2023-09-18 20:20:04.000,""
"23A89814-3D2E-4DBC-8005-291F92364501@ramesh678",2023-09-18 20:19:59.000,106.6804637770267,10.782401539504246,8.252993,119.11705,ramesh678,1,1695048242,1,EOIHHN,2023-09-18 20:20:09.000,""
"23A89814-3D2E-4DBC-8005-291F92364501@ramesh678",2023-09-18 20:20:02.000,106.68067691574322,10.7822802909536,8.531369,120.63848,ramesh678,1,1695048242,1,EOIHHN,2023-09-18 20:20:09.000,""
"23A89814-3D2E-4DBC-8005-291F92364501@ramesh678",2023-09-18 20:20:05.000,106.68087060563948,10.782150870915903,7.892532,122.544365,ramesh678,1,1695048242,1,EOIHHN,2023-09-18 20:20:14.000,""
"23A89814-3D2E-4DBC-8005-291F92364501@ramesh678",2023-09-18 20:20:08.000,106.68106357420146,10.782044606930793,7.210339,122.46442,ramesh678,1,1695048242,1,EOIHHN,2023-09-18 20:20:19.000,""
"23A89814-3D2E-4DBC-8005-291F92364501@ramesh678",2023-09-18 20:20:11.000,106.6812217834993,10.78194646435443,5.242465,122.46442,ramesh678,1,1695048242,1,EOIHHN,2023-09-18 20:20:19.000,""
"23A89814-3D2E-4DBC-8005-291F92364501@ramesh678",2023-09-18 20:20:17.000,106.68140237379143,10.781832307367777,4.4936604,122.46442,ramesh678,1,1695048242,1,EOIHHN,2023-09-18 20:20:24.000,""
"23A89814-3D2E-4DBC-8005-291F92364501@ramesh678",2023-09-18 20:20:21.000,106.68160024379966,10.781706273915834,6.723461,122.46442,ramesh678,1,1695048242,1,EOIHHN,2023-09-18 20:20:29.000,""
"23A89814-3D2E-4DBC-8005-291F92364501@ramesh678",2023-09-18 20:20:24.000,106.68179353817528,10.781581655629761,8.308973,121.965935,ramesh678,1,1695048242,1,EOIHHN,2023-09-18 20:20:34.000,""
"23A89814-3D2E-4DBC-8005-291F92364501@ramesh678",2023-09-18 20:20:27.000,106.68197588857467,10.781462455151068,7.821139,122.3396,ramesh678,1,1695048242,1,EOIHHN,2023-09-18 20:20:34.000,""
"23A89814-3D2E-4DBC-8005-291F92364501@ramesh678",2023-09-18 20:20:30.000,106.6821651125675,10.781352432267155,8.241199,122.3396,ramesh678,1,1695048242,1,EOIHHN,2023-09-18 20:20:40.000,""
"23A89814-3D2E-4DBC-8005-291F92364501@ramesh678",2023-09-18 20:20:36.000,106.68252441504012,10.781120257540222,5.380562,122.88916,ramesh678,1,1695048242,1,EOIHHN,2023-09-18 20:20:44.000,""
"23A89814-3D2E-4DBC-8005-291F92364501@ramesh678",2023-09-18 20:20:42.000,106.68268318366631,10.781026869867393,0.0,122.047104,ramesh678,2,1695048242,1,EOIHHN,2023-09-18 20:20:49.000,""
"23A89814-3D2E-4DBC-8005-291F92364501@ramesh678",2023-09-18 20:20:47.000,106.68268318366631,10.781026869867393,0.0,122.047104,ramesh678,2,1695048242,1,EOIHHN,2023-09-18 20:20:54.000,""
"23A89814-3D2E-4DBC-8005-291F92364501@ramesh678",2023-09-18 20:20:52.000,106.68268318366631,10.781026869867393,0.0,122.047104,ramesh678,2,1695048242,9,EOIHHN,2023-09-18 20:20:59.000,""
"23A89814-3D2E-4DBC-8005-291F92364501@ramesh678",2023-09-18 20:20:57.000,106.68268318366631,10.781026869867393,0.0,122.047104,ramesh678,2,1695048242,9,EOIHHN,2023-09-18 20:21:04.000,""
"23A89814-3D2E-4DBC-8005-291F92364501@ramesh678",2023-09-18 20:21:02.000,106.68268318366631,10.781026869867393,0.0,122.047104,ramesh678,2,1695048242,1,EOIHHN,2023-09-18 20:21:09.000,""
"23A89814-3D2E-4DBC-8005-291F92364501@ramesh678",2023-09-18 20:21:07.000,106.68268318366631,10.781026869867393,0.0,122.047104,ramesh678,2,1695048242,1,EOIHHN,2023-09-18 20:21:14.000,""
"23A89814-3D2E-4DBC-8005-291F92364501@ramesh678",2023-09-18 20:21:09.000,106.68286700501908,10.780909387112274,4.904424,122.047104,ramesh678,1,1695048242,1,EOIHHN,2023-09-18 20:21:19.000,""
"23A89814-3D2E-4DBC-8005-291F92364501@ramesh678",2023-09-18 20:21:12.000,106.68302619416619,10.780815568759687,7.158646,119.67803,ramesh678,1,1695048242,1,EOIHHN,2023-09-18 20:21:19.000,""
"23A89814-3D2E-4DBC-8005-291F92364501@ramesh678",2023-09-18 20:21:15.000,106.68319715616103,10.780718399767053,7.5744457,119.67803,ramesh678,1,1695048242,1,EOIHHN,2023-09-18 20:21:24.000,""
"23A89814-3D2E-4DBC-8005-291F92364501@ramesh678",2023-09-18 20:21:21.000,106.68359675172243,10.780477092835929,8.639175,120.82414,ramesh678,1,1695048242,1,EOIHHN,2023-09-18 20:21:29.000,""
"23A89814-3D2E-4DBC-8005-291F92364501@ramesh678",2023-09-18 20:21:24.000,106.68379437925147,10.780355398570231,9.083087,120.58733,ramesh678,1,1695048242,1,EOIHHN,2023-09-18 20:21:34.000,""
"23A89814-3D2E-4DBC-8005-291F92364501@ramesh678",2023-09-18 20:21:27.000,106.6839600828526,10.780265781249165,5.362552,120.85437,ramesh678,1,1695048242,1,EOIHHN,2023-09-18 20:21:34.000,""
"23A89814-3D2E-4DBC-8005-291F92364501@ramesh678",2023-09-18 20:21:32.000,106.6839600828526,10.780265781249165,5.362552,120.85437,ramesh678,1,1695048242,1,EOIHHN,2023-09-18 20:21:39.000,""
"23A89814-3D2E-4DBC-8005-291F92364501@ramesh678",2023-09-18 20:21:37.000,106.6839600828526,10.780265781249165,5.362552,120.85437,ramesh678,1,1695048242,1,EOIHHN,2023-09-18 20:21:44.000,""
"23A89814-3D2E-4DBC-8005-291F92364501@ramesh678",2023-09-18 20:21:42.000,106.6839600828526,10.780265781249165,5.362552,120.85437,ramesh678,1,1695048242,9,EOIHHN,2023-09-18 20:21:49.000,""
"23A89814-3D2E-4DBC-8005-291F92364501@ramesh678",2023-09-18 20:21:47.000,106.6839600828526,10.780265781249165,5.362552,120.85437,ramesh678,1,1695048242,9,EOIHHN,2023-09-18 20:21:54.000,""
"23A89814-3D2E-4DBC-8005-291F92364501@ramesh678",2023-09-18 20:21:52.000,106.6839600828526,10.780265781249165,5.362552,120.85437,ramesh678,1,1695048242,1,EOIHHN,2023-09-18 20:21:59.000,""
"23A89814-3D2E-4DBC-8005-291F92364501@ramesh678",2023-09-18 20:21:57.000,106.6839600828526,10.780265781249165,5.362552,120.85437,ramesh678,1,1695048242,1,EOIHHN,2023-09-18 20:22:04.000,""
"23A89814-3D2E-4DBC-8005-291F92364501@ramesh678",2023-09-18 20:22:02.000,106.6839600828526,10.780265781249165,5.362552,120.85437,ramesh678,1,1695048242,1,EOIHHN,2023-09-18 20:22:09.000,""
"23A89814-3D2E-4DBC-8005-291F92364501@ramesh678",2023-09-18 20:22:06.000,106.68413188102572,10.78017966480246,0.0,120.85437,ramesh678,2,1695048242,1,EOIHHN,2023-09-18 20:22:14.000,""
"23A89814-3D2E-4DBC-8005-291F92364501@ramesh678",2023-09-18 20:22:11.000,106.68429256387141,10.780086986330257,5.21274,120.85437,ramesh678,1,1695048242,1,EOIHHN,2023-09-18 20:22:19.000,""
"23A89814-3D2E-4DBC-8005-291F92364501@ramesh678",2023-09-18 20:22:15.000,106.68450036332351,10.77996698457373,7.212977,121.89264,ramesh678,1,1695048242,1,EOIHHN,2023-09-18 20:22:24.000,""
"23A89814-3D2E-4DBC-8005-291F92364501@ramesh678",2023-09-18 20:22:21.000,106.68488661457852,10.779721571932054,8.23351,121.89264,ramesh678,1,1695048242,1,EOIHHN,2023-09-18 20:22:29.000,""
"23A89814-3D2E-4DBC-8005-291F92364501@ramesh678",2023-09-18 20:22:24.000,106.68508629515715,10.779599260624753,7.751743,121.89264,ramesh678,1,1695048242,1,EOIHHN,2023-09-18 20:22:34.000,""
"23A89814-3D2E-4DBC-8005-291F92364501@ramesh678",2023-09-18 20:22:27.000,106.68527999555053,10.779477207937642,8.651603,123.71554,ramesh678,1,1695048242,1,EOIHHN,2023-09-18 20:22:34.000,""
"23A89814-3D2E-4DBC-8005-291F92364501@ramesh678",2023-09-18 20:22:30.000,106.68547960253632,10.779343469416045,8.730838,123.71554,ramesh678,1,1695048242,1,EOIHHN,2023-09-18 20:22:39.000,""
"23A89814-3D2E-4DBC-8005-291F92364501@ramesh678",2023-09-18 20:22:33.000,106.6856379672512,10.77924024476306,5.9857397,123.71554,ramesh678,1,1695048242,1,EOIHHN,2023-09-18 20:22:44.000,""
"23A89814-3D2E-4DBC-8005-291F92364501@ramesh678",2023-09-18 20:22:42.000,106.6856379672512,10.77924024476306,5.9857397,123.71554,ramesh678,1,1695048242,1,EOIHHN,2023-09-18 20:22:49.000,""
"23A89814-3D2E-4DBC-8005-291F92364501@ramesh678",2023-09-18 20:22:47.000,106.6856379672512,10.77924024476306,5.9857397,123.71554,ramesh678,1,1695048242,1,EOIHHN,2023-09-18 20:22:58.000,""
"23A89814-3D2E-4DBC-8005-291F92364501@ramesh678",2023-09-18 20:22:52.000,106.6856379672512,10.77924024476306,5.9857397,123.71554,ramesh678,1,1695048242,1,EOIHHN,2023-09-18 20:22:58.000,""
"23A89814-3D2E-4DBC-8005-291F92364501@ramesh678",2023-09-18 20:22:57.000,106.6856379672512,10.77924024476306,5.9857397,123.71554,ramesh678,1,1695048242,1,EOIHHN,2023-09-18 20:23:04.000,""
"23A89814-3D2E-4DBC-8005-291F92364501@ramesh678",2023-09-18 20:23:00.000,106.68580005991562,10.779108567783734,2.9518733,120.520775,ramesh678,1,1695048242,1,EOIHHN,2023-09-18 20:23:09.000,""
"23A89814-3D2E-4DBC-8005-291F92364501@ramesh678",2023-09-18 20:23:06.000,106.68599014428534,10.778999506713093,4.461521,123.67152,ramesh678,1,1695048242,1,EOIHHN,2023-09-18 20:23:14.000,""
"23A89814-3D2E-4DBC-8005-291F92364501@ramesh678",2023-09-18 20:23:10.000,106.68614610664204,10.778882962128037,5.6392894,123.67152,ramesh678,1,1695048242,1,EOIHHN,2023-09-18 20:23:19.000,""
"23A89814-3D2E-4DBC-8005-291F92364501@ramesh678",2023-09-18 20:23:14.000,106.68631879072382,10.778733904986455,6.428208,130.97122,ramesh678,1,1695048242,1,EOIHHN,2023-09-18 20:23:24.000,""
"23A89814-3D2E-4DBC-8005-291F92364501@ramesh678",2023-09-18 20:23:17.000,106.68645752288369,10.778614407052165,6.258062,130.97122,ramesh678,1,1695048242,1,EOIHHN,2023-09-18 20:23:24.000,""
"23A89814-3D2E-4DBC-8005-291F92364501@ramesh678",2023-09-18 20:23:20.000,106.68664176010343,10.778457961516446,7.2448964,130.97122,ramesh678,1,1695048242,1,EOIHHN,2023-09-18 20:23:29.000,""
"23A89814-3D2E-4DBC-8005-291F92364501@ramesh678",2023-09-18 20:23:26.000,106.68697748549695,10.77815717735607,7.778965,132.29532,ramesh678,1,1695048242,1,EOIHHN,2023-09-18 20:23:34.000,""
"23A89814-3D2E-4DBC-8005-291F92364501@ramesh678",2023-09-18 20:23:29.000,106.68714241888297,10.778004691411718,7.659887,132.08887,ramesh678,1,1695048242,1,EOIHHN,2023-09-18 20:23:39.000,""
"23A89814-3D2E-4DBC-8005-291F92364501@ramesh678",2023-09-18 20:23:32.000,106.68733463884567,10.77783186191616,8.205961,134.1963,ramesh678,1,1695048242,1,EOIHHN,2023-09-18 20:23:39.000,""
"23A89814-3D2E-4DBC-8005-291F92364501@ramesh678",2023-09-18 20:23:35.000,106.68751870070469,10.777652047587575,8.881543,134.1963,ramesh678,1,1695048242,1,EOIHHN,2023-09-18 20:23:44.000,""
"23A89814-3D2E-4DBC-8005-291F92364501@ramesh678",2023-09-18 20:23:42.000,106.68784915157622,10.777341294061399,7.163311,134.1963,ramesh678,1,1695048242,1,EOIHHN,2023-09-18 20:23:49.000,""
"23A89814-3D2E-4DBC-8005-291F92364501@ramesh678",2023-09-18 20:23:46.000,106.68800490532882,10.777189903904977,5.57063,134.1963,ramesh678,1,1695048242,1,EOIHHN,2023-09-18 20:23:54.000,""
"23A89814-3D2E-4DBC-8005-291F92364501@ramesh678",2023-09-18 20:23:50.000,106.68814352327793,10.777051631500823,3.823033,134.1963,ramesh678,1,1695048242,1,EOIHHN,2023-09-18 20:24:09.000,""
"23A89814-3D2E-4DBC-8005-291F92364501@ramesh678",2023-09-18 20:24:07.000,106.68827508809048,10.776914256191498,0.0,131.5452,ramesh678,2,1695048242,1,EOIHHN,2023-09-18 20:24:14.000,""
"23A89814-3D2E-4DBC-8005-291F92364501@ramesh678",2023-09-18 20:24:12.000,106.68827508809048,10.776914256191498,0.0,131.5452,ramesh678,2,1695048242,1,EOIHHN,2023-09-18 20:24:19.000,""
"23A89814-3D2E-4DBC-8005-291F92364501@ramesh678",2023-09-18 20:24:17.000,106.68827508809048,10.776914256191498,0.0,131.5452,ramesh678,2,1695048242,1,EOIHHN,2023-09-18 20:24:24.000,""
"23A89814-3D2E-4DBC-8005-291F92364501@ramesh678",2023-09-18 20:24:22.000,106.68827508809048,10.776914256191498,0.0,131.5452,ramesh678,2,1695048242,1,EOIHHN,2023-09-18 20:24:29.000,""
"23A89814-3D2E-4DBC-8005-291F92364501@ramesh678",2023-09-18 20:24:23.000,106.68845238936096,10.776788406998392,4.307577,131.5452,ramesh678,1,1695048242,1,EOIHHN,2023-09-18 20:24:34.000,""
"23A89814-3D2E-4DBC-8005-291F92364501@ramesh678",2023-09-18 20:24:27.000,106.6886006696953,10.776659379744304,5.6941714,131.16821,ramesh678,1,1695048242,1,EOIHHN,2023-09-18 20:24:34.000,""
"23A89814-3D2E-4DBC-8005-291F92364501@ramesh678",2023-09-18 20:24:31.000,106.68877555688181,10.776511448766044,6.766648,130.76068,ramesh678,1,1695048242,1,EOIHHN,2023-09-18 20:24:39.000,""
"23A89814-3D2E-4DBC-8005-291F92364501@ramesh678",2023-09-18 20:24:35.000,106.68895791711365,10.776358916244169,5.945596,130.76068,ramesh678,1,1695048242,1,EOIHHN,2023-09-18 20:24:44.000,""
"23A89814-3D2E-4DBC-8005-291F92364501@ramesh678",2023-09-18 20:24:39.000,106.68911506161076,10.776225519354089,5.6315494,133.37407,ramesh678,1,1695048242,1,EOIHHN,2023-09-18 20:24:49.000,""
"23A89814-3D2E-4DBC-8005-291F92364501@ramesh678",2023-09-18 20:24:44.000,106.68927561331782,10.776079880374986,3.286431,133.37407,ramesh678,1,1695048242,1,EOIHHN,2023-09-18 20:24:54.000,""
"23A89814-3D2E-4DBC-8005-291F92364501@ramesh678",2023-09-18 20:24:52.000,106.68927561331782,10.776079880374986,3.286431,133.37407,ramesh678,1,1695048242,1,EOIHHN,2023-09-18 20:24:59.000,""
"23A89814-3D2E-4DBC-8005-291F92364501@ramesh678",2023-09-18 20:24:57.000,106.68927561331782,10.776079880374986,3.286431,133.37407,ramesh678,1,1695048242,1,EOIHHN,2023-09-18 20:25:04.000,""
"23A89814-3D2E-4DBC-8005-291F92364501@ramesh678",2023-09-18 20:25:02.000,106.68927561331782,10.776079880374986,3.286431,133.37407,ramesh678,1,1695048242,9,EOIHHN,2023-09-18 20:25:09.000,""
"23A89814-3D2E-4DBC-8005-291F92364501@ramesh678",2023-09-18 20:25:07.000,106.68927561331782,10.776079880374986,3.286431,133.37407,ramesh678,1,1695048242,1,EOIHHN,2023-09-18 20:25:14.000,""
"23A89814-3D2E-4DBC-8005-291F92364501@ramesh678",2023-09-18 20:25:11.000,106.68940331463061,10.77593670782648,0.0,133.37407,ramesh678,2,1695048242,1,EOIHHN,2023-09-18 20:25:19.000,""
"23A89814-3D2E-4DBC-8005-291F92364501@ramesh678",2023-09-18 20:25:17.000,106.68940331463061,10.77593670782648,0.0,133.37407,ramesh678,2,1695048242,1,EOIHHN,2023-09-18 20:25:24.000,""
"23A89814-3D2E-4DBC-8005-291F92364501@ramesh678",2023-09-18 20:25:19.000,106.68955295826753,10.77579691604457,3.8911262,133.37407,ramesh678,1,1695048242,1,EOIHHN,2023-09-18 20:25:29.000,""
"23A89814-3D2E-4DBC-8005-291F92364501@ramesh678",2023-09-18 20:25:26.000,106.68987638025449,10.77549872648655,6.8659353,132.92328,ramesh678,1,1695048242,1,EOIHHN,2023-09-18 20:25:34.000,""
"23A89814-3D2E-4DBC-8005-291F92364501@ramesh678",2023-09-18 20:25:29.000,106.69006109297545,10.775328873917353,8.301456,132.92328,ramesh678,1,1695048242,2,EOIHHN,2023-09-18 20:25:39.000,""
"23A89814-3D2E-4DBC-8005-291F92364501@ramesh678",2023-09-18 20:25:32.000,106.69021126466134,10.775190783577875,7.4537625,132.92328,ramesh678,1,1695048242,2,EOIHHN,2023-09-18 20:25:39.000,""
"23A89814-3D2E-4DBC-8005-291F92364501@ramesh678",2023-09-18 20:25:36.000,106.69034933503963,10.775039006539748,5.207324,126.04443,ramesh678,1,1695048242,2,EOIHHN,2023-09-18 20:25:44.000,""
"23A89814-3D2E-4DBC-8005-291F92364501@ramesh678",2023-09-18 20:25:41.000,106.69047405908174,10.77487886744455,4.2068753,142.75674,ramesh678,1,1695048242,2,EOIHHN,2023-09-18 20:25:49.000,""
"23A89814-3D2E-4DBC-8005-291F92364501@ramesh678",2023-09-18 20:25:45.000,106.69035531514844,10.774689956301314,5.910011,209.28885,ramesh678,1,1695048242,2,EOIHHN,2023-09-18 20:25:54.000,""
"23A89814-3D2E-4DBC-8005-291F92364501@ramesh678",2023-09-18 20:25:51.000,106.69003668412843,10.774387012485477,7.4946885,226.73495,ramesh678,1,1695048242,2,EOIHHN,2023-09-18 20:25:59.000,""
"23A89814-3D2E-4DBC-8005-291F92364501@ramesh678",2023-09-18 20:25:55.000,106.68989747471262,10.774219823885845,5.674311,223.38213,ramesh678,1,1695048242,2,EOIHHN,2023-09-18 20:26:04.000,""
"23A89814-3D2E-4DBC-8005-291F92364501@ramesh678",2023-09-18 20:26:00.000,106.68976943437924,10.774052712351832,4.758581,223.47658,ramesh678,1,1695048242,2,EOIHHN,2023-09-18 20:26:09.000,""
"23A89814-3D2E-4DBC-8005-291F92364501@ramesh678",2023-09-18 20:26:04.000,106.68962942825887,10.77389492508829,5.120443,223.47658,ramesh678,1,1695048242,2,EOIHHN,2023-09-18 20:26:14.000,""
"23A89814-3D2E-4DBC-8005-291F92364501@ramesh678",2023-09-18 20:26:12.000,106.68962942825887,10.77389492508829,5.120443,223.47658,ramesh678,1,1695048242,2,EOIHHN,2023-09-18 20:26:19.000,""
"23A89814-3D2E-4DBC-8005-291F92364501@ramesh678",2023-09-18 20:26:17.000,106.68962942825887,10.77389492508829,5.120443,223.47658,ramesh678,1,1695048242,2,EOIHHN,2023-09-18 20:26:24.000,""
"23A89814-3D2E-4DBC-8005-291F92364501@ramesh678",2023-09-18 20:26:22.000,106.68962942825887,10.77389492508829,5.120443,223.47658,ramesh678,1,1695048242,2,EOIHHN,2023-09-18 20:26:29.000,""
"23A89814-3D2E-4DBC-8005-291F92364501@ramesh678",2023-09-18 20:26:24.000,106.68949274679755,10.77376159257047,1.5561304,201.45193,ramesh678,1,1695048242,2,EOIHHN,2023-09-18 20:26:34.000,""
"23A89814-3D2E-4DBC-8005-291F92364501@ramesh678",2023-09-18 20:26:30.000,106.68954058700963,10.773579731647876,3.4595423,144.78671,ramesh678,1,1695048242,2,EOIHHN,2023-09-18 20:26:39.000,""
"23A89814-3D2E-4DBC-8005-291F92364501@ramesh678",2023-09-18 20:26:34.000,106.68971125894969,10.773455824599369,5.6154695,120.25051,ramesh678,1,1695048242,2,EOIHHN,2023-09-18 20:26:44.000,""
"23A89814-3D2E-4DBC-8005-291F92364501@ramesh678",2023-09-18 20:26:37.000,106.68988417007128,10.773335911511172,7.567312,116.75216,ramesh678,1,1695048242,2,EOIHHN,2023-09-18 20:26:44.000,""
"23A89814-3D2E-4DBC-8005-291F92364501@ramesh678",2023-09-18 20:26:40.000,106.69007604378253,10.77322118320079,8.086968,116.75216,ramesh678,1,1695048242,2,EOIHHN,2023-09-18 20:26:49.000,""
"23A89814-3D2E-4DBC-8005-291F92364501@ramesh678",2023-09-18 20:26:46.000,106.69047139820582,10.773013443382984,8.212235,116.48327,ramesh678,1,1695048242,2,EOIHHN,2023-09-18 20:26:55.000,""
"23A89814-3D2E-4DBC-8005-291F92364501@ramesh678",2023-09-18 20:26:52.000,106.6909070236606,10.7728016092121,9.601139,115.76697,ramesh678,1,1695048242,2,EOIHHN,2023-09-18 20:26:59.000,""
"23A89814-3D2E-4DBC-8005-291F92364501@ramesh678",2023-09-18 20:26:54.000,106.69107923925662,10.772719413324317,9.815209,115.76697,ramesh678,1,1695048242,2,EOIHHN,2023-09-18 20:27:04.000,""
"23A89814-3D2E-4DBC-8005-291F92364501@ramesh678",2023-09-18 20:26:57.000,106.69131273648965,10.772595456522959,9.712874,119.3215,ramesh678,1,1695048242,1,EOIHHN,2023-09-18 20:27:04.000,""
"23A89814-3D2E-4DBC-8005-291F92364501@ramesh678",2023-09-18 20:27:00.000,106.6915387493061,10.77247397680203,8.952319,119.3215,ramesh678,1,1695048242,1,EOIHHN,2023-09-18 20:27:16.000,""
"23A89814-3D2E-4DBC-8005-291F92364501@ramesh678",2023-09-18 20:27:12.000,106.69244816245623,10.77197026284419,8.647754,119.93346,ramesh678,1,1695048242,1,EOIHHN,2023-09-18 20:27:19.000,""
"23A89814-3D2E-4DBC-8005-291F92364501@ramesh678",2023-09-18 20:27:15.000,106.69261954965266,10.771872060619481,6.444472,119.93346,ramesh678,1,1695048242,1,EOIHHN,2023-09-18 20:27:24.000,""
"23A89814-3D2E-4DBC-8005-291F92364501@ramesh678",2023-09-18 20:27:22.000,106.69278001132268,10.771779546414495,0.0,119.93346,ramesh678,2,1695048242,1,EOIHHN,2023-09-18 20:27:29.000,""
"23A89814-3D2E-4DBC-8005-291F92364501@ramesh678",2023-09-18 20:27:27.000,106.69278001132268,10.771779546414495,0.0,119.93346,ramesh678,2,1695048242,1,EOIHHN,2023-09-18 20:27:34.000,""
"23A89814-3D2E-4DBC-8005-291F92364501@ramesh678",2023-09-18 20:27:29.000,106.69295871588152,10.771679050964806,4.867641,119.93346,ramesh678,1,1695048242,1,EOIHHN,2023-09-18 20:27:39.000,""
"23A89814-3D2E-4DBC-8005-291F92364501@ramesh678",2023-09-18 20:27:34.000,106.69307978512393,10.771515151054158,4.2765646,161.4534,ramesh678,1,1695048242,1,EOIHHN,2023-09-18 20:27:44.000,""
"23A89814-3D2E-4DBC-8005-291F92364501@ramesh678",2023-09-18 20:27:39.000,106.69314204234067,10.771305378806092,4.791531,143.56921,ramesh678,1,1695048242,1,EOIHHN,2023-09-18 20:27:49.000,""
"23A89814-3D2E-4DBC-8005-291F92364501@ramesh678",2023-09-18 20:27:44.000,106.69331679104593,10.771193707325473,5.1078434,130.2631,ramesh678,1,1695048242,1,EOIHHN,2023-09-18 20:27:54.000,""
"23A89814-3D2E-4DBC-8005-291F92364501@ramesh678",2023-09-18 20:27:51.000,106.69360836381797,10.770892283716707,8.700037,147.99454,ramesh678,1,1695048242,1,EOIHHN,2023-09-18 20:27:59.000,""
"23A89814-3D2E-4DBC-8005-291F92364501@ramesh678",2023-09-18 20:27:54.000,106.69374319107298,10.77066226543225,10.308234,147.99454,ramesh678,1,1695048242,1,EOIHHN,2023-09-18 20:28:04.000,""
"23A89814-3D2E-4DBC-8005-291F92364501@ramesh678",2023-09-18 20:27:56.000,106.69384071725426,10.770507333050888,10.041587,147.99454,ramesh678,1,1695048242,1,EOIHHN,2023-09-18 20:28:04.000,""
"23A89814-3D2E-4DBC-8005-291F92364501@ramesh678",2023-09-18 20:27:59.000,106.69394228997582,10.770349733813081,5.779551,147.99454,ramesh678,1,1695048242,1,EOIHHN,2023-09-18 20:28:09.000,""
"23A89814-3D2E-4DBC-8005-291F92364501@ramesh678",2023-09-18 20:28:07.000,106.69394228997582,10.770349733813081,5.779551,147.99454,ramesh678,1,1695048242,1,EOIHHN,2023-09-18 20:28:14.000,""
"23A89814-3D2E-4DBC-8005-291F92364501@ramesh678",2023-09-18 20:28:12.000,106.69394228997582,10.770349733813081,5.779551,147.99454,ramesh678,1,1695048242,1,EOIHHN,2023-09-18 20:28:19.000,""
"23A89814-3D2E-4DBC-8005-291F92364501@ramesh678",2023-09-18 20:28:17.000,106.69394228997582,10.770349733813081,5.779551,147.99454,ramesh678,1,1695048242,1,EOIHHN,2023-09-18 20:28:24.000,""
"23A89814-3D2E-4DBC-8005-291F92364501@ramesh678",2023-09-18 20:28:22.000,106.69394228997582,10.770349733813081,5.779551,147.99454,ramesh678,1,1695048242,1,EOIHHN,2023-09-18 20:28:29.000,""
"23A89814-3D2E-4DBC-8005-291F92364501@ramesh678",2023-09-18 20:28:27.000,106.69394228997582,10.770349733813081,5.779551,147.99454,ramesh678,1,1695048242,8,EOIHHN,2023-09-18 20:28:34.000,""
"23A89814-3D2E-4DBC-8005-291F92364501@ramesh678",2023-09-18 20:28:32.000,106.69394228997582,10.770349733813081,5.779551,147.99454,ramesh678,1,1695048242,8,EOIHHN,2023-09-18 20:28:39.000,""
"23A89814-3D2E-4DBC-8005-291F92364501@ramesh678",2023-09-18 20:28:37.000,106.694062493057,10.770195116332658,2.6409366,147.71475,ramesh678,1,1695048242,8,EOIHHN,2023-09-18 20:28:44.000,""
"23A89814-3D2E-4DBC-8005-291F92364501@ramesh678",2023-09-18 20:28:42.000,106.69419513608577,10.769990958714024,6.3326826,148.7525,ramesh678,1,1695048242,8,EOIHHN,2023-09-18 20:28:49.000,""
"23A89814-3D2E-4DBC-8005-291F92364501@ramesh678",2023-09-18 20:28:45.000,106.69430495473607,10.769799572137362,7.885681,149.73712,ramesh678,1,1695048242,64,EOIHHN,2023-09-18 20:28:54.000,""
"23A89814-3D2E-4DBC-8005-291F92364501@ramesh678",2023-09-18 20:28:48.000,106.69441022866961,10.769630842697655,7.483947,148.03534,ramesh678,1,1695048242,64,EOIHHN,2023-09-18 20:28:59.000,""
"23A89814-3D2E-4DBC-8005-291F92364501@ramesh678",2023-09-18 20:28:53.000,106.69453115463095,10.769459127877525,4.0463667,144.90553,ramesh678,1,1695048242,64,EOIHHN,2023-09-18 20:29:04.000,""
"23A89814-3D2E-4DBC-8005-291F92364501@ramesh678",2023-09-18 20:29:02.000,106.6946279770582,10.769339278300883,2.3595233,146.88783,ramesh678,1,1695048242,64,EOIHHN,2023-09-18 20:29:09.000,""
"23A89814-3D2E-4DBC-8005-291F92364501@ramesh678",2023-09-18 20:29:07.000,106.69472789455958,10.769140788536532,5.063119,153.67442,ramesh678,1,1695048242,64,EOIHHN,2023-09-18 20:29:14.000,""
"23A89814-3D2E-4DBC-8005-291F92364501@ramesh678",2023-09-18 20:29:10.000,106.69482816363598,10.768930249670897,8.511881,152.00502,ramesh678,1,1695048242,64,EOIHHN,2023-09-18 20:29:19.000,""
"23A89814-3D2E-4DBC-8005-291F92364501@ramesh678",2023-09-18 20:29:12.000,106.69493902139972,10.768777284028085,9.673356,146.82028,ramesh678,1,1695048242,64,EOIHHN,2023-09-18 20:29:19.000,""
"23A89814-3D2E-4DBC-8005-291F92364501@ramesh678",2023-09-18 20:29:15.000,106.69506811231172,10.768575336399195,8.514664,146.67638,ramesh678,1,1695048242,64,EOIHHN,2023-09-18 20:29:24.000,""
"23A89814-3D2E-4DBC-8005-291F92364501@ramesh678",2023-09-18 20:29:22.000,106.69527228408573,10.768156982277448,5.839314,149.75212,ramesh678,1,1695048242,1,EOIHHN,2023-09-18 20:29:34.000,""
"23A89814-3D2E-4DBC-8005-291F92364501@ramesh678",2023-09-18 20:29:32.000,106.69536996729026,10.767992412716126,2.2398286,149.37166,ramesh678,1,1695048242,1,EOIHHN,2023-09-18 20:29:39.000,""
"23A89814-3D2E-4DBC-8005-291F92364501@ramesh678",2023-09-18 20:29:33.000,106.6954720536171,10.767840320712615,5.3457336,150.09491,ramesh678,1,1695048242,1,EOIHHN,2023-09-18 20:29:44.000,""
"23A89814-3D2E-4DBC-8005-291F92364501@ramesh678",2023-09-18 20:29:36.000,106.6955735080299,10.767685366256506,6.358239,148.72342,ramesh678,1,1695048242,1,EOIHHN,2023-09-18 20:29:44.000,""
"23A89814-3D2E-4DBC-8005-291F92364501@ramesh678",2023-09-18 20:29:40.000,106.6956839815638,10.767495367925855,6.1960955,148.72342,ramesh678,1,1695048242,1,EOIHHN,2023-09-18 20:29:49.000,""
"23A89814-3D2E-4DBC-8005-291F92364501@ramesh678",2023-09-18 20:29:44.000,106.69577989516391,10.767302371684256,5.054643,148.72342,ramesh678,1,1695048242,1,EOIHHN,2023-09-18 20:29:54.000,""
"23A89814-3D2E-4DBC-8005-291F92364501@ramesh678",2023-09-18 20:29:52.000,106.69588300488928,10.767152294228595,2.0652595,151.69856,ramesh678,1,1695048242,1,EOIHHN,2023-09-18 20:29:59.000,""
"23A89814-3D2E-4DBC-8005-291F92364501@ramesh678",2023-09-18 20:29:57.000,106.69588300488928,10.767152294228595,2.0652595,151.69856,ramesh678,1,1695048242,1,EOIHHN,2023-09-18 20:30:04.000,""
"23A89814-3D2E-4DBC-8005-291F92364501@ramesh678",2023-09-18 20:30:01.000,106.69607716307253,10.766784990154457,6.291694,150.91612,ramesh678,1,1695048242,1,EOIHHN,2023-09-18 20:30:09.000,""
"23A89814-3D2E-4DBC-8005-291F92364501@ramesh678",2023-09-18 20:30:04.000,106.69617903897269,10.7665937657689,7.6275687,150.78748,ramesh678,1,1695048242,1,EOIHHN,2023-09-18 20:30:14.000,""
"23A89814-3D2E-4DBC-8005-291F92364501@ramesh678",2023-09-18 20:30:07.000,106.69629172201661,10.766391954683055,7.9610996,150.78748,ramesh678,1,1695048242,1,EOIHHN,2023-09-18 20:30:14.000,""
"23A89814-3D2E-4DBC-8005-291F92364501@ramesh678",2023-09-18 20:30:10.000,106.69639035307371,10.76621801618083,6.6698036,150.78748,ramesh678,1,1695048242,1,EOIHHN,2023-09-18 20:30:19.000,""
"23A89814-3D2E-4DBC-8005-291F92364501@ramesh678",2023-09-18 20:30:14.000,106.69649780339026,10.766027841421275,6.1422324,148.53906,ramesh678,1,1695048242,1,EOIHHN,2023-09-18 20:30:24.000,""
"23A89814-3D2E-4DBC-8005-291F92364501@ramesh678",2023-09-18 20:30:18.000,106.69662818027783,10.765831285197706,6.56121,148.29942,ramesh678,1,1695048242,1,EOIHHN,2023-09-18 20:30:29.000,""
"23A89814-3D2E-4DBC-8005-291F92364501@ramesh678",2023-09-18 20:30:21.000,106.69672372244393,10.76567239858035,7.5789223,148.69664,ramesh678,1,1695048242,1,EOIHHN,2023-09-18 20:30:29.000,""
"23A89814-3D2E-4DBC-8005-291F92364501@ramesh678",2023-09-18 20:30:24.000,106.69683648731112,10.76548849373343,7.696803,149.58208,ramesh678,1,1695048242,1,EOIHHN,2023-09-18 20:30:34.000,""
"23A89814-3D2E-4DBC-8005-291F92364501@ramesh678",2023-09-18 20:30:27.000,106.69697598176917,10.765286037568112,8.777461,150.31187,ramesh678,1,1695048242,1,EOIHHN,2023-09-18 20:30:34.000,""
"23A89814-3D2E-4DBC-8005-291F92364501@ramesh678",2023-09-18 20:30:30.000,106.69709253409704,10.765057822822161,10.081504,149.67685,ramesh678,1,1695048242,1,EOIHHN,2023-09-18 20:30:39.000,""
"23A89814-3D2E-4DBC-8005-291F92364501@ramesh678",2023-09-18 20:30:32.000,106.69723123380862,10.764914499464215,10.246939,145.13474,ramesh678,1,1695048242,1,EOIHHN,2023-09-18 20:30:39.000,""
"23A89814-3D2E-4DBC-8005-291F92364501@ramesh678",2023-09-18 20:30:35.000,106.69736087266473,10.764676385605192,10.001951,146.311,ramesh678,1,1695048242,1,EOIHHN,2023-09-18 20:30:44.000,""
"23A89814-3D2E-4DBC-8005-291F92364501@ramesh678",2023-09-18 20:30:40.000,106.69758155888768,10.764284682713948,9.804239,148.01793,ramesh678,1,1695048242,1,EOIHHN,2023-09-18 20:30:49.000,""
"23A89814-3D2E-4DBC-8005-291F92364501@ramesh678",2023-09-18 20:30:46.000,106.69786272524,10.763878182460846,9.207869,141.76155,ramesh678,1,1695048242,1,EOIHHN,2023-09-18 20:30:54.000,""
"23A89814-3D2E-4DBC-8005-291F92364501@ramesh678",2023-09-18 20:30:49.000,106.69804045771461,10.763693049189914,9.060004,136.08699,ramesh678,1,1695048242,1,EOIHHN,2023-09-18 20:30:59.000,""
"23A89814-3D2E-4DBC-8005-291F92364501@ramesh678",2023-09-18 20:30:51.000,106.69818039055713,10.763575518206768,9.614315,134.41156,ramesh678,1,1695048242,1,EOIHHN,2023-09-18 20:30:59.000,""
"23A89814-3D2E-4DBC-8005-291F92364501@ramesh678",2023-09-18 20:30:56.000,106.69850561012399,10.763253391717672,10.186981,135.7141,ramesh678,1,1695048242,1,EOIHHN,2023-09-18 20:31:04.000,""
"23A89814-3D2E-4DBC-8005-291F92364501@ramesh678",2023-09-18 20:30:59.000,106.69870164344898,10.763065907180891,10.377192,135.75949,ramesh678,1,1695048242,1,EOIHHN,2023-09-18 20:31:09.000,""
"23A89814-3D2E-4DBC-8005-291F92364501@ramesh678",2023-09-18 20:31:01.000,106.69883310816006,10.76293860159231,10.453367,135.75949,ramesh678,1,1695048242,1,EOIHHN,2023-09-18 20:31:09.000,""
"23A89814-3D2E-4DBC-8005-291F92364501@ramesh678",2023-09-18 20:31:06.000,106.6991531368212,10.762615463993415,10.58795,135.43698,ramesh678,1,1695048242,1,EOIHHN,2023-09-18 20:31:14.000,""
"23A89814-3D2E-4DBC-8005-291F92364501@ramesh678",2023-09-18 20:31:08.000,106.69929137785824,10.762480166920904,10.920178,135.43698,ramesh678,1,1695048242,1,EOIHHN,2023-09-18 20:31:19.000,""
"23A89814-3D2E-4DBC-8005-291F92364501@ramesh678",2023-09-18 20:31:10.000,106.69942349299359,10.762340233407008,10.793666,136.27629,ramesh678,1,1695048242,1,EOIHHN,2023-09-18 20:31:19.000,""
"23A89814-3D2E-4DBC-8005-291F92364501@ramesh678",2023-09-18 20:31:12.000,106.69955201059872,10.762183607589321,11.189926,141.20236,ramesh678,1,1695048242,1,EOIHHN,2023-09-18 20:31:19.000,""
"23A89814-3D2E-4DBC-8005-291F92364501@ramesh678",2023-09-18 20:31:14.000,106.69968786567784,10.762017158393355,11.101432,145.04489,ramesh678,1,1695048242,1,EOIHHN,2023-09-18 20:31:24.000,""
"23A89814-3D2E-4DBC-8005-291F92364501@ramesh678",2023-09-18 20:31:16.000,106.69981161258106,10.761847711003933,10.789758,146.09218,ramesh678,1,1695048242,1,EOIHHN,2023-09-18 20:31:24.000,""
"23A89814-3D2E-4DBC-8005-291F92364501@ramesh678",2023-09-18 20:31:19.000,106.69994152930863,10.761639621037123,7.914464,148.91016,ramesh678,1,1695048242,1,EOIHHN,2023-09-18 20:31:29.000,""
"23A89814-3D2E-4DBC-8005-291F92364501@ramesh678",2023-09-18 20:31:23.000,106.70003410450715,10.761454423078767,3.9581263,147.41063,ramesh678,1,1695048242,1,EOIHHN,2023-09-18 20:31:34.000,""
"23A89814-3D2E-4DBC-8005-291F92364501@ramesh678",2023-09-18 20:31:32.000,106.70003410450715,10.761454423078767,3.9581263,147.41063,ramesh678,1,1695048242,1,EOIHHN,2023-09-18 20:31:39.000,""
"23A89814-3D2E-4DBC-8005-291F92364501@ramesh678",2023-09-18 20:31:37.000,106.70003410450715,10.761454423078767,3.9581263,147.41063,ramesh678,1,1695048242,1,EOIHHN,2023-09-18 20:31:44.000,""
"23A89814-3D2E-4DBC-8005-291F92364501@ramesh678",2023-09-18 20:31:42.000,106.70003410450715,10.761454423078767,3.9581263,147.41063,ramesh678,1,1695048242,1,EOIHHN,2023-09-18 20:31:49.000,""
"23A89814-3D2E-4DBC-8005-291F92364501@ramesh678",2023-09-18 20:31:47.000,106.70003410450715,10.761454423078767,3.9581263,147.41063,ramesh678,1,1695048242,1,EOIHHN,2023-09-18 20:31:54.000,""
"23A89814-3D2E-4DBC-8005-291F92364501@ramesh678",2023-09-18 20:32:07.000,106.70016538017158,10.761314115352741,1.9122204,147.72624,ramesh678,1,1695048242,1,EOIHHN,2023-09-18 20:32:14.000,""
"23A89814-3D2E-4DBC-8005-291F92364501@ramesh678",2023-09-18 20:32:12.000,106.70016538017158,10.761314115352741,1.9122204,147.72624,ramesh678,1,1695048242,1,EOIHHN,2023-09-18 20:32:26.000,""
"23A89814-3D2E-4DBC-8005-291F92364501@ramesh678",2023-09-18 20:32:22.000,106.70011353387493,10.761518364588172,5.0306115,332.29715,ramesh678,1,1695048242,1,EOIHHN,2023-09-18 20:32:29.000,""
"23A89814-3D2E-4DBC-8005-291F92364501@ramesh678",2023-09-18 20:32:26.000,106.69997351804074,10.76167808314777,5.8943577,323.905,ramesh678,1,1695048242,64,EOIHHN,2023-09-18 20:32:34.000,""
"23A89814-3D2E-4DBC-8005-291F92364501@ramesh678",2023-09-18 20:32:31.000,106.69986110945142,10.761880149756719,5.5288296,328.56635,ramesh678,1,1695048242,2,EOIHHN,2023-09-18 20:32:39.000,""
"23A89814-3D2E-4DBC-8005-291F92364501@ramesh678",2023-09-18 20:32:33.000,106.69971001707056,10.762071157549789,7.220698,327.2154,ramesh678,1,1695048242,2,EOIHHN,2023-09-18 20:32:44.000,""
"23A89814-3D2E-4DBC-8005-291F92364501@ramesh678",2023-09-18 20:32:36.000,106.69959374518425,10.762248027688987,6.712926,323.6773,ramesh678,1,1695048242,2,EOIHHN,2023-09-18 20:32:44.000,""
"23A89814-3D2E-4DBC-8005-291F92364501@ramesh678",2023-09-18 20:32:40.000,106.69949002939497,10.762420204510901,5.9211254,324.2534,ramesh678,1,1695048242,2,EOIHHN,2023-09-18 20:32:49.000,""
"23A89814-3D2E-4DBC-8005-291F92364501@ramesh678",2023-09-18 20:32:46.000,106.69923763084766,10.7627266656297,6.6392465,319.90924,ramesh678,1,1695048242,2,EOIHHN,2023-09-18 20:32:54.000,""
"23A89814-3D2E-4DBC-8005-291F92364501@ramesh678",2023-09-18 20:32:49.000,106.69910717096113,10.762889416413596,7.2426634,319.09134,ramesh678,1,1695048242,2,EOIHHN,2023-09-18 20:32:59.000,""
"23A89814-3D2E-4DBC-8005-291F92364501@ramesh678",2023-09-18 20:32:52.000,106.69902377034842,10.76309097149371,7.407795,328.17014,ramesh678,1,1695048242,2,EOIHHN,2023-09-18 20:32:59.000,""
"23A89814-3D2E-4DBC-8005-291F92364501@ramesh678",2023-09-18 20:32:57.000,106.69895811961327,10.763273487294608,3.8620074,334.93356,ramesh678,1,1695048242,2,EOIHHN,2023-09-18 20:33:04.000,""
"23A89814-3D2E-4DBC-8005-291F92364501@ramesh678",2023-09-18 20:33:02.000,106.69895811961327,10.763273487294608,3.8620074,334.93356,ramesh678,1,1695048242,2,EOIHHN,2023-09-18 20:33:09.000,""
"23A89814-3D2E-4DBC-8005-291F92364501@ramesh678",2023-09-18 20:33:04.000,106.69909378086818,10.763449006732737,7.306633,50.24836,ramesh678,1,1695048242,2,EOIHHN,2023-09-18 20:33:14.000,""
"23A89814-3D2E-4DBC-8005-291F92364501@ramesh678",2023-09-18 20:33:12.000,106.69927686352233,10.763562587429767,5.8181443,58.854633,ramesh678,1,1695048242,2,EOIHHN,2023-09-18 20:33:19.000,""
"23A89814-3D2E-4DBC-8005-291F92364501@ramesh678",2023-09-18 20:33:17.000,106.69927686352233,10.763562587429767,5.8181443,58.854633,ramesh678,1,1695048242,2,EOIHHN,2023-09-18 20:33:24.000,""
"23A89814-3D2E-4DBC-8005-291F92364501@ramesh678",2023-09-18 20:33:22.000,106.69927686352233,10.763562587429767,5.8181443,58.854633,ramesh678,1,1695048242,2,EOIHHN,2023-09-18 20:33:29.000,""
"23A89814-3D2E-4DBC-8005-291F92364501@ramesh678",2023-09-18 20:33:27.000,106.69927686352233,10.763562587429767,5.8181443,58.854633,ramesh678,1,1695048242,2,EOIHHN,2023-09-18 20:33:34.000,""
"23A89814-3D2E-4DBC-8005-291F92364501@ramesh678",2023-09-18 20:33:32.000,106.69927686352233,10.763562587429767,5.8181443,58.854633,ramesh678,1,1695048242,64,EOIHHN,2023-09-18 20:33:39.000,""
"23A89814-3D2E-4DBC-8005-291F92364501@ramesh678",2023-09-18 20:33:35.000,106.69947725067786,10.763590332886448,2.5731525,60.858578,ramesh678,1,1695048242,64,EOIHHN,2023-09-18 20:33:44.000,""
"23A89814-3D2E-4DBC-8005-291F92364501@ramesh678",2023-09-18 20:33:40.000,106.69968105235523,10.763697779766613,5.5425944,66.893555,ramesh678,1,1695048242,64,EOIHHN,2023-09-18 20:33:49.000,""
"23A89814-3D2E-4DBC-8005-291F92364501@ramesh678",2023-09-18 20:33:43.000,106.69987553014622,10.76376720251493,6.980419,71.05141,ramesh678,1,1695048242,64,EOIHHN,2023-09-18 20:33:54.000,""
"23A89814-3D2E-4DBC-8005-291F92364501@ramesh678",2023-09-18 20:33:49.000,106.70005287533499,10.763630249094907,5.177206,151.8735,ramesh678,1,1695048242,64,EOIHHN,2023-09-18 20:33:59.000,""
"23A89814-3D2E-4DBC-8005-291F92364501@ramesh678",2023-09-18 20:33:52.000,106.70012466323011,10.763425081171125,7.994314,159.22588,ramesh678,1,1695048242,64,EOIHHN,2023-09-18 20:33:59.000,""
"23A89814-3D2E-4DBC-8005-291F92364501@ramesh678",2023-09-18 20:33:55.000,106.70022994984433,10.763218277909486,8.55366,155.16257,ramesh678,1,1695048242,2,EOIHHN,2023-09-18 20:34:04.000,""
"23A89814-3D2E-4DBC-8005-291F92364501@ramesh678",2023-09-18 20:34:01.000,106.70031428095966,10.762822770601032,7.194122,160.86998,ramesh678,1,1695048242,2,EOIHHN,2023-09-18 20:34:09.000,""
"23A89814-3D2E-4DBC-8005-291F92364501@ramesh678",2023-09-18 20:34:02.000,106.70032895989935,10.762754776575171,7.084705,160.82565,ramesh678,1,1695048242,2,EOIHHN,2023-09-18 20:34:09.000,""
"23A89814-3D2E-4DBC-8005-291F92364501@ramesh678",2023-09-18 20:34:04.000,106.70037522385996,10.762636501974514,6.908661,159.21408,ramesh678,1,1695048242,2,EOIHHN,2023-09-18 20:34:14.000,""
"23A89814-3D2E-4DBC-8005-291F92364501@ramesh678",2023-09-18 20:34:07.000,106.7004478229215,10.762462435011795,7.0196977,158.3522,ramesh678,1,1695048242,2,EOIHHN,2023-09-18 20:34:14.000,""
"23A89814-3D2E-4DBC-8005-291F92364501@ramesh678",2023-09-18 20:34:10.000,106.70052248620577,10.762289382059976,6.7170873,151.18436,ramesh678,1,1695048242,2,EOIHHN,2023-09-18 20:34:19.000,""
"23A89814-3D2E-4DBC-8005-291F92364501@ramesh678",2023-09-18 20:34:16.000,106.70071549225409,10.761974373984707,6.586828,142.42912,ramesh678,1,1695048242,2,EOIHHN,2023-09-18 20:34:32.000,""
"23A89814-3D2E-4DBC-8005-291F92364501@ramesh678",2023-09-18 20:34:27.000,106.70085444756165,10.761781950013804,6.336793,143.092,ramesh678,1,1695048242,2,EOIHHN,2023-09-18 20:34:33.000,""
"23A89814-3D2E-4DBC-8005-291F92364501@ramesh678",2023-09-18 20:34:32.000,106.70085444756165,10.761781950013804,6.336793,143.092,ramesh678,1,1695048242,2,EOIHHN,2023-09-18 20:34:43.000,""
"23A89814-3D2E-4DBC-8005-291F92364501@ramesh678",2023-09-18 20:34:42.000,106.70085444756165,10.761781950013804,6.336793,143.092,ramesh678,1,1695048242,2,EOIHHN,2023-09-18 20:34:49.000,""
"23A89814-3D2E-4DBC-8005-291F92364501@ramesh678",2023-09-18 20:34:47.000,106.70085444756165,10.761781950013804,6.336793,143.092,ramesh678,1,1695048242,2,EOIHHN,2023-09-18 20:34:54.000,""
"23A89814-3D2E-4DBC-8005-291F92364501@ramesh678",2023-09-18 20:34:52.000,106.70085444756165,10.761781950013804,6.336793,143.092,ramesh678,1,1695048242,2,EOIHHN,2023-09-18 20:34:59.000,""
"23A89814-3D2E-4DBC-8005-291F92364501@ramesh678",2023-09-18 20:34:57.000,106.70098052848081,10.76164080585485,0.0,141.63737,ramesh678,2,1695048242,2,EOIHHN,2023-09-18 20:35:04.000,""
"23A89814-3D2E-4DBC-8005-291F92364501@ramesh678",2023-09-18 20:35:01.000,106.70107808973711,10.761468437082554,4.415122,148.96617,ramesh678,1,1695048242,2,EOIHHN,2023-09-18 20:35:09.000,""
"23A89814-3D2E-4DBC-8005-291F92364501@ramesh678",2023-09-18 20:35:05.000,106.70121562866858,10.761259875683377,7.286882,142.84859,ramesh678,1,1695048242,2,EOIHHN,2023-09-18 20:35:14.000,""
"23A89814-3D2E-4DBC-8005-291F92364501@ramesh678",2023-09-18 20:35:11.000,106.70148187433041,10.7608755746731,9.119543,145.16267,ramesh678,1,1695048242,2,EOIHHN,2023-09-18 20:35:19.000,""
"23A89814-3D2E-4DBC-8005-291F92364501@ramesh678",2023-09-18 20:35:16.000,106.70171793513325,10.760556046668457,7.3201704,145.1954,ramesh678,1,1695048242,64,EOIHHN,2023-09-18 20:35:24.000,""
"23A89814-3D2E-4DBC-8005-291F92364501@ramesh678",2023-09-18 20:35:20.000,106.70183066953864,10.76040678725113,5.763875,145.34471,ramesh678,1,1695048242,1,EOIHHN,2023-09-18 20:35:30.000,""
"23A89814-3D2E-4DBC-8005-291F92364501@ramesh678",2023-09-18 20:35:27.000,106.70209786128862,10.76003614406239,7.7188473,143.89145,ramesh678,1,1695048242,1,EOIHHN,2023-09-18 20:35:35.000,""
"23A89814-3D2E-4DBC-8005-291F92364501@ramesh678",2023-09-18 20:35:31.000,106.70218717816526,10.759866185837303,4.306822,181.10452,ramesh678,1,1695048242,1,EOIHHN,2023-09-18 20:35:39.000,""
"23A89814-3D2E-4DBC-8005-291F92364501@ramesh678",2023-09-18 20:35:34.000,106.70205443030937,10.759732208195564,6.6482115,232.84285,ramesh678,1,1695048242,1,EOIHHN,2023-09-18 20:35:46.000,""
"23A89814-3D2E-4DBC-8005-291F92364501@ramesh678",2023-09-18 20:35:37.000,106.7018676981455,10.759597747699688,8.622794,232.84285,ramesh678,1,1695048242,1,EOIHHN,2023-09-18 20:35:46.000,""
"23A89814-3D2E-4DBC-8005-291F92364501@ramesh678",2023-09-18 20:35:42.000,106.70149878089286,10.759330447849894,10.359789,233.05817,ramesh678,1,1695048242,1,EOIHHN,2023-09-18 20:35:49.000,""
"23A89814-3D2E-4DBC-8005-291F92364501@ramesh678",2023-09-18 20:35:44.000,106.70134505591385,10.759216146620977,10.403608,233.05817,ramesh678,1,1695048242,1,EOIHHN,2023-09-18 20:35:54.000,""
"23A89814-3D2E-4DBC-8005-291F92364501@ramesh678",2023-09-18 20:35:46.000,106.70119512536156,10.759104666710517,10.274125,233.05817,ramesh678,1,1695048242,1,EOIHHN,2023-09-18 20:35:54.000,""
"23A89814-3D2E-4DBC-8005-291F92364501@ramesh678",2023-09-18 20:35:49.000,106.70101865075924,10.758971316618242,7.6867285,233.05817,ramesh678,1,1695048242,1,EOIHHN,2023-09-18 20:36:00.000,""
"23A89814-3D2E-4DBC-8005-291F92364501@ramesh678",2023-09-18 20:35:57.000,106.70085760189446,10.758865966918497,2.1801934,232.97548,ramesh678,1,1695048242,1,EOIHHN,2023-09-18 20:36:04.000,""
"23A89814-3D2E-4DBC-8005-291F92364501@ramesh678",2023-09-18 20:36:02.000,106.70085760189446,10.758865966918497,2.1801934,232.97548,ramesh678,1,1695048242,1,EOIHHN,2023-09-18 20:36:09.000,""
"23A89814-3D2E-4DBC-8005-291F92364501@ramesh678",2023-09-18 20:36:07.000,106.70085760189446,10.758865966918497,2.1801934,232.97548,ramesh678,1,1695048242,1,EOIHHN,2023-09-18 20:36:13.000,""
"23A89814-3D2E-4DBC-8005-291F92364501@ramesh678",2023-09-18 20:36:10.000,106.70068874019589,10.758738506990502,3.7872155,232.97548,ramesh678,1,1695048242,1,EOIHHN,2023-09-18 20:36:18.000,""
"23A89814-3D2E-4DBC-8005-291F92364501@ramesh678",2023-09-18 20:36:14.000,106.70054040507881,10.758622443259075,6.2209196,233.21747,ramesh678,1,1695048242,1,EOIHHN,2023-09-18 20:36:25.000,""
"23A89814-3D2E-4DBC-8005-291F92364501@ramesh678",2023-09-18 20:36:17.000,106.70039324263176,10.758500598242808,6.8675327,233.21747,ramesh678,1,1695048242,1,EOIHHN,2023-09-18 20:36:25.000,""
"23A89814-3D2E-4DBC-8005-291F92364501@ramesh678",2023-09-18 20:36:21.000,106.70023069610464,10.75837188324787,2.9325585,232.83485,ramesh678,1,1695048242,1,EOIHHN,2023-09-18 20:36:41.000,""
"23A89814-3D2E-4DBC-8005-291F92364501@ramesh678",2023-09-18 20:36:30.000,106.70007584652569,10.758270943141977,3.4314623,232.83485,ramesh678,1,1695048242,1,EOIHHN,2023-09-18 20:36:42.000,""
"23A89814-3D2E-4DBC-8005-291F92364501@ramesh678",2023-09-18 20:36:42.000,106.69992020358481,10.758157555828136,0.0,233.37195,ramesh678,2,1695048242,1,EOIHHN,2023-09-18 20:36:49.000,""
"23A89814-3D2E-4DBC-8005-291F92364501@ramesh678",2023-09-18 20:36:53.000,106.69976650290224,10.758047329952946,1.9605085,233.92288,ramesh678,1,1695048242,1,EOIHHN,2023-09-18 20:37:07.000,""
"23A89814-3D2E-4DBC-8005-291F92364501@ramesh678",2023-09-18 20:37:02.000,106.69994030242509,10.757676107140302,6.4791646,143.27011,ramesh678,1,1695048242,1,EOIHHN,2023-09-18 20:37:08.000,""
"23A89814-3D2E-4DBC-8005-291F92364501@ramesh678",2023-09-18 20:37:05.000,106.70007459124727,10.757546500557861,6.6249714,146.97011,ramesh678,1,1695048242,1,EOIHHN,2023-09-18 20:37:14.000,""
"23A89814-3D2E-4DBC-8005-291F92364501@ramesh678",2023-09-18 20:37:11.000,106.70030108976154,10.757198846379797,8.651379,143.31804,ramesh678,1,1695048242,1,EOIHHN,2023-09-18 20:37:19.000,""
"23A89814-3D2E-4DBC-8005-291F92364501@ramesh678",2023-09-18 20:37:14.000,106.70044973089522,10.757001529129575,9.225305,143.31804,ramesh678,1,1695048242,1,EOIHHN,2023-09-18 20:37:24.000,""
"23A89814-3D2E-4DBC-8005-291F92364501@ramesh678",2023-09-18 20:37:17.000,106.70060626587632,10.756808251820544,9.550987,143.1009,ramesh678,1,1695048242,1,EOIHHN,2023-09-18 20:37:24.000,""
"23A89814-3D2E-4DBC-8005-291F92364501@ramesh678",2023-09-18 20:37:20.000,106.70074095106686,10.756601979738432,9.296637,143.05049,ramesh678,1,1695048242,1,EOIHHN,2023-09-18 20:37:29.000,""
"23A89814-3D2E-4DBC-8005-291F92364501@ramesh678",2023-09-18 20:37:26.000,106.70103551435986,10.756228063490255,8.765106,141.70122,ramesh678,1,1695048242,1,EOIHHN,2023-09-18 20:37:36.000,""
"23A89814-3D2E-4DBC-8005-291F92364501@ramesh678",2023-09-18 20:37:32.000,106.70134802397395,10.755854784718434,9.174886,141.47665,ramesh678,1,1695048242,1,EOIHHN,2023-09-18 20:37:39.000,""
"23A89814-3D2E-4DBC-8005-291F92364501@ramesh678",2023-09-18 20:37:35.000,106.70150650292896,10.7556471147551,9.569243,141.51726,ramesh678,1,1695048242,1,EOIHHN,2023-09-18 20:37:44.000,""
"23A89814-3D2E-4DBC-8005-291F92364501@ramesh678",2023-09-18 20:37:37.000,106.70161883559999,10.755502736504615,9.766951,141.38179,ramesh678,1,1695048242,1,EOIHHN,2023-09-18 20:37:44.000,""
"23A89814-3D2E-4DBC-8005-291F92364501@ramesh678",2023-09-18 20:37:40.000,106.70178088501925,10.755294101556,9.618542,146.25282,ramesh678,1,1695048242,1,EOIHHN,2023-09-18 20:37:54.000,""
"23A89814-3D2E-4DBC-8005-291F92364501@ramesh678",2023-09-18 20:37:43.000,106.70190009972126,10.755076336118016,8.885474,153.28625,ramesh678,1,1695048242,1,EOIHHN,2023-09-18 20:37:54.000,""
"23A89814-3D2E-4DBC-8005-291F92364501@ramesh678",2023-09-18 20:37:46.000,106.70196714767297,10.754849650414393,9.156775,169.29385,ramesh678,1,1695048242,1,EOIHHN,2023-09-18 20:37:54.000,""
"23A89814-3D2E-4DBC-8005-291F92364501@ramesh678",2023-09-18 20:37:49.000,106.70198333943503,10.754598354329442,9.578883,175.58888,ramesh678,1,1695048242,1,EOIHHN,2023-09-18 20:37:59.000,""
"23A89814-3D2E-4DBC-8005-291F92364501@ramesh678",2023-09-18 20:37:52.000,106.70200993275415,10.754327209363078,10.999613,178.12468,ramesh678,1,1695048242,1,EOIHHN,2023-09-18 20:37:59.000,""
"23A89814-3D2E-4DBC-8005-291F92364501@ramesh678",2023-09-18 20:37:55.000,106.70203636065423,10.754058348562042,10.537447,175.55127,ramesh678,1,1695048242,1,EOIHHN,2023-09-18 20:38:04.000,""
"23A89814-3D2E-4DBC-8005-291F92364501@ramesh678",2023-09-18 20:37:57.000,106.70206096728914,10.75386195976538,11.286249,174.80638,ramesh678,1,1695048242,1,EOIHHN,2023-09-18 20:38:04.000,""
"23A89814-3D2E-4DBC-8005-291F92364501@ramesh678",2023-09-18 20:37:59.000,106.70208055320079,10.75366175154301,11.316039,173.80927,ramesh678,1,1695048242,1,EOIHHN,2023-09-18 20:38:09.000,""
"23A89814-3D2E-4DBC-8005-291F92364501@ramesh678",2023-09-18 20:38:01.000,106.70210153630008,10.753455314708193,11.214375,175.25287,ramesh678,1,1695048242,1,EOIHHN,2023-09-18 20:38:09.000,""
"23A89814-3D2E-4DBC-8005-291F92364501@ramesh678",2023-09-18 20:38:05.000,106.70213303137339,10.753063399909408,10.546718,178.16367,ramesh678,1,1695048242,1,EOIHHN,2023-09-18 20:38:14.000,""
"23A89814-3D2E-4DBC-8005-291F92364501@ramesh678",2023-09-18 20:38:07.000,106.70216330349285,10.752857219004557,11.072705,175.1497,ramesh678,1,1695048242,1,EOIHHN,2023-09-18 20:38:14.000,""
"23A89814-3D2E-4DBC-8005-291F92364501@ramesh678",2023-09-18 20:38:09.000,106.70216630122324,10.752643762879684,11.869499,175.14963,ramesh678,1,1695048242,1,EOIHHN,2023-09-18 20:38:19.000,""
"23A89814-3D2E-4DBC-8005-291F92364501@ramesh678",2023-09-18 20:38:11.000,106.70218263076869,10.75244306021318,11.801131,175.17142,ramesh678,1,1695048242,1,EOIHHN,2023-09-18 20:38:19.000,""
"23A89814-3D2E-4DBC-8005-291F92364501@ramesh678",2023-09-18 20:38:14.000,106.70220889524423,10.752162418214455,10.609818,175.17142,ramesh678,1,1695048242,1,EOIHHN,2023-09-18 20:38:24.000,""
"23A89814-3D2E-4DBC-8005-291F92364501@ramesh678",2023-09-18 20:38:16.000,106.70221560764682,10.751957088769677,11.115814,175.17142,ramesh678,1,1695048242,1,EOIHHN,2023-09-18 20:38:24.000,""
"23A89814-3D2E-4DBC-8005-291F92364501@ramesh678",2023-09-18 20:38:20.000,106.70225501748578,10.751549636142956,11.0431385,175.22388,ramesh678,1,1695048242,1,EOIHHN,2023-09-18 20:38:29.000,""
"23A89814-3D2E-4DBC-8005-291F92364501@ramesh678",2023-09-18 20:38:22.000,106.70227444401037,10.751341323504619,11.210971,175.22388,ramesh678,1,1695048242,1,EOIHHN,2023-09-18 20:38:29.000,""
"23A89814-3D2E-4DBC-8005-291F92364501@ramesh678",2023-09-18 20:38:24.000,106.70229239483636,10.751136151566756,11.444774,175.22388,ramesh678,1,1695048242,1,EOIHHN,2023-09-18 20:38:36.000,""
"23A89814-3D2E-4DBC-8005-291F92364501@ramesh678",2023-09-18 20:38:26.000,106.70231368798551,10.750917744103601,12.245806,175.22388,ramesh678,1,1695048242,1,EOIHHN,2023-09-18 20:38:36.000,""
"23A89814-3D2E-4DBC-8005-291F92364501@ramesh678",2023-09-18 20:38:32.000,106.70237106302037,10.75026366661235,11.801822,175.22388,ramesh678,1,1695048242,1,EOIHHN,2023-09-18 20:38:39.000,""
"23A89814-3D2E-4DBC-8005-291F92364501@ramesh678",2023-09-18 20:38:34.000,106.70238752580963,10.75004568547095,12.057295,175.22388,ramesh678,1,1695048242,1,EOIHHN,2023-09-18 20:38:44.000,""
"23A89814-3D2E-4DBC-8005-291F92364501@ramesh678",2023-09-18 20:38:36.000,106.70240349591356,10.74982750991978,11.734153,180.09155,ramesh678,1,1695048242,1,EOIHHN,2023-09-18 20:38:44.000,""
"23A89814-3D2E-4DBC-8005-291F92364501@ramesh678",2023-09-18 20:38:38.000,106.70239227360511,10.749621441688035,11.129676,180.09155,ramesh678,1,1695048242,1,EOIHHN,2023-09-18 20:38:54.000,""
"23A89814-3D2E-4DBC-8005-291F92364501@ramesh678",2023-09-18 20:38:40.000,106.70238175863507,10.749423406078428,10.422521,180.09155,ramesh678,1,1695048242,1,EOIHHN,2023-09-18 20:38:54.000,""
"23A89814-3D2E-4DBC-8005-291F92364501@ramesh678",2023-09-18 20:38:42.000,106.70237829595389,10.749235391254732,9.985371,180.09155,ramesh678,1,1695048242,1,EOIHHN,2023-09-18 20:38:54.000,""
"23A89814-3D2E-4DBC-8005-291F92364501@ramesh678",2023-09-18 20:38:50.000,106.70229433339898,10.748430064825289,11.489966,189.91293,ramesh678,1,1695048242,1,EOIHHN,2023-09-18 20:38:59.000,""
"23A89814-3D2E-4DBC-8005-291F92364501@ramesh678",2023-09-18 20:38:52.000,106.70226028600257,10.748222994919146,11.768192,189.91293,ramesh678,1,1695048242,1,EOIHHN,2023-09-18 20:38:59.000,""
"23A89814-3D2E-4DBC-8005-291F92364501@ramesh678",2023-09-18 20:38:54.000,106.70222853177583,10.748026476168391,11.498665,189.91293,ramesh678,1,1695048242,1,EOIHHN,2023-09-18 20:39:04.000,""
"23A89814-3D2E-4DBC-8005-291F92364501@ramesh678",2023-09-18 20:38:56.000,106.70219318627613,10.74782963265336,11.190526,189.9131,ramesh678,1,1695048242,1,EOIHHN,2023-09-18 20:39:04.000,""
"23A89814-3D2E-4DBC-8005-291F92364501@ramesh678",2023-09-18 20:38:58.000,106.70215889836545,10.747645147888706,10.6762295,189.86642,ramesh678,1,1695048242,1,EOIHHN,2023-09-18 20:39:09.000,""
"23A89814-3D2E-4DBC-8005-291F92364501@ramesh678",2023-09-18 20:39:00.000,106.70212140826595,10.74744953856856,11.159075,189.86642,ramesh678,1,1695048242,1,EOIHHN,2023-09-18 20:39:09.000,""
"23A89814-3D2E-4DBC-8005-291F92364501@ramesh678",2023-09-18 20:39:02.000,106.7020876083142,10.747257059534217,11.024385,189.86642,ramesh678,1,1695048242,1,EOIHHN,2023-09-18 20:39:09.000,""
"23A89814-3D2E-4DBC-8005-291F92364501@ramesh678",2023-09-18 20:39:02.000,106.7020876083142,10.747257059534217,11.024385,189.86642,ramesh678,1,1695048242,1,EOIHHN,2023-09-18 20:39:09.000,""
"23A89814-3D2E-4DBC-8005-291F92364501@ramesh678",2023-09-18 20:39:04.000,106.70205287179691,10.747054996612066,11.038689,189.86642,ramesh678,1,1695048242,1,EOIHHN,2023-09-18 20:39:14.000,""
"23A89814-3D2E-4DBC-8005-291F92364501@ramesh678",2023-09-18 20:39:06.000,106.70202209216907,10.746875961680582,10.350956,189.86642,ramesh678,1,1695048242,1,EOIHHN,2023-09-18 20:39:14.000,""
"23A89814-3D2E-4DBC-8005-291F92364501@ramesh678",2023-09-18 20:39:08.000,106.70198609875455,10.74668418286676,11.2506695,189.86642,ramesh678,1,1695048242,1,EOIHHN,2023-09-18 20:39:19.000,""
"23A89814-3D2E-4DBC-8005-291F92364501@ramesh678",2023-09-18 20:39:10.000,106.70194954814714,10.74648944859974,11.152333,190.86958,ramesh678,1,1695048242,1,EOIHHN,2023-09-18 20:39:19.000,""
"23A89814-3D2E-4DBC-8005-291F92364501@ramesh678",2023-09-18 20:39:12.000,106.70191724250779,10.746299958960602,10.508756,190.17365,ramesh678,1,1695048242,1,EOIHHN,2023-09-18 20:39:19.000,""
"23A89814-3D2E-4DBC-8005-291F92364501@ramesh678",2023-09-18 20:39:15.000,106.70188164402889,10.74606020539458,8.021977,190.17365,ramesh678,1,1695048242,1,EOIHHN,2023-09-18 20:39:24.000,""
"23A89814-3D2E-4DBC-8005-291F92364501@ramesh678",2023-09-18 20:39:19.000,106.70183728805456,10.74588080233804,3.8170612,190.17365,ramesh678,1,1695048242,1,EOIHHN,2023-09-18 20:39:29.000,""
"23A89814-3D2E-4DBC-8005-291F92364501@ramesh678",2023-09-18 20:39:49.000,106.70180645875692,10.74569397388445,0.0,190.17365,ramesh678,2,1695048242,1,EOIHHN,2023-09-18 20:39:59.000,""
"23A89814-3D2E-4DBC-8005-291F92364501@ramesh678",2023-09-18 20:39:56.000,106.70175825540119,10.745507678745556,3.7277768,190.23737,ramesh678,1,1695048242,1,EOIHHN,2023-09-18 20:40:04.000,""
"23A89814-3D2E-4DBC-8005-291F92364501@ramesh678",2023-09-18 20:40:01.000,106.7017332510659,10.745294100036515,5.445404,190.23737,ramesh678,1,1695048242,1,EOIHHN,2023-09-18 20:40:09.000,""
"23A89814-3D2E-4DBC-8005-291F92364501@ramesh678",2023-09-18 20:40:05.000,106.7016903708539,10.74506398317466,7.2944775,190.14478,ramesh678,1,1695048242,1,EOIHHN,2023-09-18 20:40:14.000,""
"23A89814-3D2E-4DBC-8005-291F92364501@ramesh678",2023-09-18 20:40:10.000,106.70162788739088,10.744658910156748,9.907279,189.8033,ramesh678,1,1695048242,1,EOIHHN,2023-09-18 20:40:19.000,""
"23A89814-3D2E-4DBC-8005-291F92364501@ramesh678",2023-09-18 20:40:12.000,106.70161185833987,10.74447810270798,10.179502,189.4889,ramesh678,1,1695048242,1,EOIHHN,2023-09-18 20:40:19.000,""
"23A89814-3D2E-4DBC-8005-291F92364501@ramesh678",2023-09-18 20:40:14.000,106.70158785905363,10.744288525143778,10.252747,189.4889,ramesh678,1,1695048242,1,EOIHHN,2023-09-18 20:40:24.000,""
"23A89814-3D2E-4DBC-8005-291F92364501@ramesh678",2023-09-18 20:40:16.000,106.7015565505307,10.74410178173392,10.354168,189.4889,ramesh678,1,1695048242,1,EOIHHN,2023-09-18 20:40:24.000,""
"23A89814-3D2E-4DBC-8005-291F92364501@ramesh678",2023-09-18 20:40:21.000,106.70145761804429,10.74366073782533,9.528368,189.4742,ramesh678,1,1695048242,1,EOIHHN,2023-09-18 20:40:29.000,""
"23A89814-3D2E-4DBC-8005-291F92364501@ramesh678",2023-09-18 20:40:24.000,106.70142827507365,10.743436396366693,7.516963,189.47435,ramesh678,1,1695048242,1,EOIHHN,2023-09-18 20:40:34.000,""
"23A89814-3D2E-4DBC-8005-291F92364501@ramesh678",2023-09-18 20:40:27.000,106.7013994340706,10.74323364541653,7.2447314,189.58125,ramesh678,1,1695048242,1,EOIHHN,2023-09-18 20:40:34.000,""
"23A89814-3D2E-4DBC-8005-291F92364501@ramesh678",2023-09-18 20:40:30.000,106.70135130015993,10.743028748965033,7.2188067,189.58125,ramesh678,1,1695048242,1,EOIHHN,2023-09-18 20:40:42.000,""
"23A89814-3D2E-4DBC-8005-291F92364501@ramesh678",2023-09-18 20:40:39.000,106.70125119335927,10.742445436704761,7.208787,189.58125,ramesh678,1,1695048242,1,EOIHHN,2023-09-18 20:40:49.000,""
"23A89814-3D2E-4DBC-8005-291F92364501@ramesh678",2023-09-18 20:40:42.000,106.70121663765956,10.74224967528546,7.4476876,189.27493,ramesh678,1,1695048242,1,EOIHHN,2023-09-18 20:40:49.000,""
"23A89814-3D2E-4DBC-8005-291F92364501@ramesh678",2023-09-18 20:40:45.000,106.70118016135665,10.742039971427959,8.577254,189.89037,ramesh678,1,1695048242,1,EOIHHN,2023-09-18 20:40:54.000,""
"23A89814-3D2E-4DBC-8005-291F92364501@ramesh678",2023-09-18 20:40:48.000,106.70115131686121,10.741796976828473,9.093773,190.03667,ramesh678,1,1695048242,1,EOIHHN,2023-09-18 20:40:59.000,""
"23A89814-3D2E-4DBC-8005-291F92364501@ramesh678",2023-09-18 20:40:51.000,106.70109718764218,10.741545973047748,9.301439,190.03667,ramesh678,1,1695048242,1,EOIHHN,2023-09-18 20:40:59.000,""
"23A89814-3D2E-4DBC-8005-291F92364501@ramesh678",2023-09-18 20:40:54.000,106.70105448918866,10.741303760968199,9.018831,190.03667,ramesh678,1,1695048242,1,EOIHHN,2023-09-18 20:41:04.000,""
"23A89814-3D2E-4DBC-8005-291F92364501@ramesh678",2023-09-18 20:40:57.000,106.70101195255107,10.741070337920357,8.648639,189.92036,ramesh678,1,1695048242,1,EOIHHN,2023-09-18 20:41:04.000,""
"23A89814-3D2E-4DBC-8005-291F92364501@ramesh678",2023-09-18 20:41:00.000,106.7009730520956,10.740852675975058,7.597288,189.92036,ramesh678,1,1695048242,1,EOIHHN,2023-09-18 20:41:09.000,""
"23A89814-3D2E-4DBC-8005-291F92364501@ramesh678",2023-09-18 20:41:03.000,106.70093570661618,10.740645827318783,7.5398884,189.92036,ramesh678,1,1695048242,1,EOIHHN,2023-09-18 20:41:14.000,""
"23A89814-3D2E-4DBC-8005-291F92364501@ramesh678",2023-09-18 20:41:06.000,106.70089730716157,10.740448249056506,7.333653,189.92036,ramesh678,1,1695048242,1,EOIHHN,2023-09-18 20:41:14.000,""
"23A89814-3D2E-4DBC-8005-291F92364501@ramesh678",2023-09-18 20:41:09.000,106.70085931690475,10.740245244770486,7.829394,188.87674,ramesh678,1,1695048242,1,EOIHHN,2023-09-18 20:41:19.000,""
"23A89814-3D2E-4DBC-8005-291F92364501@ramesh678",2023-09-18 20:41:13.000,106.70082135298094,10.740042502797369,5.441859,189.21227,ramesh678,1,1695048242,1,EOIHHN,2023-09-18 20:41:24.000,""
"23A89814-3D2E-4DBC-8005-291F92364501@ramesh678",2023-09-18 20:41:17.000,106.70075252195066,10.739845111745604,5.724113,200.94313,ramesh678,1,1695048242,1,EOIHHN,2023-09-18 20:41:24.000,""
"23A89814-3D2E-4DBC-8005-291F92364501@ramesh678",2023-09-18 20:41:21.000,106.70070049014707,10.739614461655508,6.880521,192.67575,ramesh678,1,1695048242,1,EOIHHN,2023-09-18 20:41:29.000,""
"23A89814-3D2E-4DBC-8005-291F92364501@ramesh678",2023-09-18 20:41:25.000,106.70064832606951,10.739380870641114,6.368388,189.55623,ramesh678,1,1695048242,1,EOIHHN,2023-09-18 20:41:34.000,""
"23A89814-3D2E-4DBC-8005-291F92364501@ramesh678",2023-09-18 20:41:33.000,106.70052440942476,10.739235467152692,1.2849671,264.22675,ramesh678,1,1695048242,1,EOIHHN,2023-09-18 20:41:44.000,""
"23A89814-3D2E-4DBC-8005-291F92364501@ramesh678",2023-09-18 20:41:40.000,106.7004527608055,10.739040025206018,2.825685,187.8961,ramesh678,1,1695048242,1,EOIHHN,2023-09-18 20:41:49.000,""
"23A89814-3D2E-4DBC-8005-291F92364501@ramesh678",2023-09-18 20:42:39.000,106.70035661014074,10.73886986030716,0.0,0.0,ramesh678,2,1695048242,64,EOIHHN,2023-09-18 20:42:49.000,""
"23A89814-3D2E-4DBC-8005-291F92364501@ramesh678",2023-09-18 20:42:47.000,106.70035661014074,10.73886986030716,0.0,0.0,ramesh678,2,1695048242,64,EOIHHN,2023-09-18 20:42:55.000,""
"23A89814-3D2E-4DBC-8005-291F92364501@ramesh678",2023-09-18 20:42:52.000,106.70035661014074,10.73886986030716,0.0,0.0,ramesh678,2,1695048242,64,EOIHHN,2023-09-18 20:42:59.000,""
"23A89814-3D2E-4DBC-8005-291F92364501@ramesh678",2023-09-18 20:42:57.000,106.70035661014074,10.73886986030716,0.0,0.0,ramesh678,2,1695048242,8,EOIHHN,2023-09-18 20:43:04.000,""
"23A89814-3D2E-4DBC-8005-291F92364501@ramesh678",2023-09-18 20:43:02.000,106.70035661014074,10.73886986030716,0.0,0.0,ramesh678,2,1695048242,8,EOIHHN,2023-09-18 20:43:13.000,""
"23A89814-3D2E-4DBC-8005-291F92364501@ramesh678",2023-09-18 20:43:07.000,106.70035661014074,10.73886986030716,0.0,0.0,ramesh678,2,1695048242,8,EOIHHN,2023-09-18 20:43:15.000,""
"23A89814-3D2E-4DBC-8005-291F92364501@ramesh678",2023-09-18 20:43:12.000,106.70040629617101,10.738669264908413,0.0,0.0,ramesh678,2,1695048242,8,EOIHHN,2023-09-18 20:43:20.000,""
"23A89814-3D2E-4DBC-8005-291F92364501@ramesh678",2023-09-18 20:43:17.000,106.70040629617101,10.738669264908413,0.0,0.0,ramesh678,2,1695048242,8,EOIHHN,2023-09-18 20:43:25.000,""
"23A89814-3D2E-4DBC-8005-291F92364501@ramesh678",2023-09-18 20:43:21.000,106.70050921713337,10.738968364276728,0.0,0.0,ramesh678,2,1695048242,8,EOIHHN,2023-09-18 20:43:29.000,""
"23A89814-3D2E-4DBC-8005-291F92364501@ramesh678",2023-09-18 20:43:27.000,106.70015193330691,10.739082691514911,0.0,0.0,ramesh678,2,1695048242,64,EOIHHN,2023-09-18 20:43:34.000,""
"23A89814-3D2E-4DBC-8005-291F92364501@ramesh678",2023-09-18 20:43:32.000,106.70015193330691,10.739082691514911,0.0,0.0,ramesh678,2,1695048242,64,EOIHHN,2023-09-18 20:43:38.000,""
"23A89814-3D2E-4DBC-8005-291F92364501@ramesh678",2023-09-18 20:43:37.000,106.70015193330691,10.739082691514911,0.0,0.0,ramesh678,2,1695048242,64,EOIHHN,2023-09-18 20:43:43.000,""
"23A89814-3D2E-4DBC-8005-291F92364501@ramesh678",2023-09-18 20:43:42.000,106.70015193330691,10.739082691514911,0.0,0.0,ramesh678,2,1695048242,64,EOIHHN,2023-09-18 20:43:48.000,""
"23A89814-3D2E-4DBC-8005-291F92364501@ramesh678",2023-09-18 20:43:47.000,106.70015193330691,10.739082691514911,0.0,0.0,ramesh678,2,1695048242,64,EOIHHN,2023-09-18 20:43:53.000,""
"23A89814-3D2E-4DBC-8005-291F92364501@ramesh678",2023-09-18 20:43:52.000,106.70015193330691,10.739082691514911,0.0,0.0,ramesh678,2,1695048242,64,EOIHHN,2023-09-18 20:43:58.000,""
"23A89814-3D2E-4DBC-8005-291F92364501@ramesh678",2023-09-18 20:43:57.000,106.70015193330691,10.739082691514911,0.0,0.0,ramesh678,2,1695048242,64,EOIHHN,2023-09-18 20:44:03.000,""
"23A89814-3D2E-4DBC-8005-291F92364501@ramesh678",2023-09-18 20:44:02.000,106.70015193330691,10.739082691514911,0.0,0.0,ramesh678,2,1695048242,64,EOIHHN,2023-09-18 20:44:08.000,""
"23A89814-3D2E-4DBC-8005-291F92364501@ramesh678",2023-09-18 20:44:03.000,106.70015193330691,10.739082691514911,0.0,0.0,ramesh678,2,1695048242,64,EOIHHN,2023-09-18 20:44:13.000,""
"23A89814-3D2E-4DBC-8005-291F92364501@ramesh678",2023-09-18 20:44:12.000,106.70015193330691,10.739082691514911,0.0,0.0,ramesh678,2,1695048242,64,EOIHHN,2023-09-18 20:44:18.000,""
"23A89814-3D2E-4DBC-8005-291F92364501@ramesh678",2023-09-18 20:44:17.000,106.70015193330691,10.739082691514911,0.0,0.0,ramesh678,2,1695048242,64,EOIHHN,2023-09-18 20:44:23.000,""
"23A89814-3D2E-4DBC-8005-291F92364501@ramesh678",2023-09-18 20:44:22.000,106.70015193330691,10.739082691514911,0.0,0.0,ramesh678,2,1695048242,64,EOIHHN,2023-09-18 20:44:28.000,""
"23A89814-3D2E-4DBC-8005-291F92364501@ramesh678",2023-09-18 20:44:27.000,106.70015193330691,10.739082691514911,0.0,0.0,ramesh678,2,1695048242,64,EOIHHN,2023-09-18 20:44:33.000,""
"23A89814-3D2E-4DBC-8005-291F92364501@ramesh678",2023-09-18 20:44:32.000,106.70015193330691,10.739082691514911,0.0,0.0,ramesh678,2,1695048242,64,EOIHHN,2023-09-18 20:44:38.000,""
"23A89814-3D2E-4DBC-8005-291F92364501@ramesh678",2023-09-18 20:44:37.000,106.70015193330691,10.739082691514911,0.0,0.0,ramesh678,2,1695048242,64,EOIHHN,2023-09-18 20:44:43.000,""
"23A89814-3D2E-4DBC-8005-291F92364501@ramesh678",2023-09-18 20:44:42.000,106.70015193330691,10.739082691514911,0.0,0.0,ramesh678,2,1695048242,64,EOIHHN,2023-09-18 20:44:48.000,""
"23A89814-3D2E-4DBC-8005-291F92364501@ramesh678",2023-09-18 20:44:47.000,106.70015193330691,10.739082691514911,0.0,0.0,ramesh678,2,1695048242,64,EOIHHN,2023-09-18 20:44:53.000,""
"23A89814-3D2E-4DBC-8005-291F92364501@ramesh678",2023-09-18 20:44:52.000,106.70015193330691,10.739082691514911,0.0,0.0,ramesh678,2,1695048242,64,EOIHHN,2023-09-18 20:44:58.000,""
"23A89814-3D2E-4DBC-8005-291F92364501@ramesh678",2023-09-18 20:44:57.000,106.70015193330691,10.739082691514911,0.0,0.0,ramesh678,2,1695048242,64,EOIHHN,2023-09-18 20:45:03.000,""
"23A89814-3D2E-4DBC-8005-291F92364501@ramesh678",2023-09-18 20:45:02.000,106.70015193330691,10.739082691514911,0.0,0.0,ramesh678,2,1695048242,64,EOIHHN,2023-09-18 20:45:08.000,""
"23A89814-3D2E-4DBC-8005-291F92364501@ramesh678",2023-09-18 20:45:07.000,106.70015193330691,10.739082691514911,0.0,0.0,ramesh678,2,1695048242,8,EOIHHN,2023-09-18 20:45:13.000,""
"23A89814-3D2E-4DBC-8005-291F92364501@ramesh678",2023-09-18 20:45:12.000,106.70015193330691,10.739082691514911,0.0,0.0,ramesh678,2,1695048242,8,EOIHHN,2023-09-18 20:45:18.000,""
"23A89814-3D2E-4DBC-8005-291F92364501@ramesh678",2023-09-18 20:45:17.000,106.70015193330691,10.739082691514911,0.0,0.0,ramesh678,2,1695048242,8,EOIHHN,2023-09-18 20:45:23.000,""
"23A89814-3D2E-4DBC-8005-291F92364501@ramesh678",2023-09-18 20:45:22.000,106.70015193330691,10.739082691514911,0.0,0.0,ramesh678,2,1695048242,8,EOIHHN,2023-09-18 20:45:28.000,""
"23A89814-3D2E-4DBC-8005-291F92364501@ramesh678",2023-09-18 20:45:27.000,106.70015193330691,10.739082691514911,0.0,0.0,ramesh678,2,1695048242,8,EOIHHN,2023-09-18 20:45:33.000,""
"23A89814-3D2E-4DBC-8005-291F92364501@ramesh678",2023-09-18 20:45:32.000,106.70015193330691,10.739082691514911,0.0,0.0,ramesh678,2,1695048242,8,EOIHHN,2023-09-18 20:45:38.000,""
"23A89814-3D2E-4DBC-8005-291F92364501@ramesh678",2023-09-18 20:45:37.000,106.70015193330691,10.739082691514911,0.0,0.0,ramesh678,2,1695048242,8,EOIHHN,2023-09-18 20:45:43.000,""
"23A89814-3D2E-4DBC-8005-291F92364501@ramesh678",2023-09-18 20:45:42.000,106.70015193330691,10.739082691514911,0.0,0.0,ramesh678,2,1695048242,8,EOIHHN,2023-09-18 20:45:48.000,""
"23A89814-3D2E-4DBC-8005-291F92364501@ramesh678",2023-09-18 20:45:47.000,106.70015193330691,10.739082691514911,0.0,0.0,ramesh678,2,1695048242,8,EOIHHN,2023-09-18 20:45:57.000,""
"23A89814-3D2E-4DBC-8005-291F92364501@ramesh678",2023-09-18 20:45:52.000,106.70015193330691,10.739082691514911,0.0,0.0,ramesh678,2,1695048242,8,EOIHHN,2023-09-18 20:45:58.000,""
"23A89814-3D2E-4DBC-8005-291F92364501@ramesh678",2023-09-18 20:45:57.000,106.70015193330691,10.739082691514911,0.0,0.0,ramesh678,2,1695048242,8,EOIHHN,2023-09-18 20:46:03.000,""
"23A89814-3D2E-4DBC-8005-291F92364501@ramesh678",2023-09-18 20:46:02.000,106.70015193330691,10.739082691514911,0.0,0.0,ramesh678,2,1695048242,8,EOIHHN,2023-09-18 20:46:08.000,""
"23A89814-3D2E-4DBC-8005-291F92364501@ramesh678",2023-09-18 20:46:07.000,106.70015193330691,10.739082691514911,0.0,0.0,ramesh678,2,1695048242,8,EOIHHN,2023-09-18 20:46:13.000,""
"23A89814-3D2E-4DBC-8005-291F92364501@ramesh678",2023-09-18 20:46:12.000,106.70015193330691,10.739082691514911,0.0,0.0,ramesh678,2,1695048242,8,EOIHHN,2023-09-18 20:46:18.000,""
"23A89814-3D2E-4DBC-8005-291F92364501@ramesh678",2023-09-18 20:46:17.000,106.70015193330691,10.739082691514911,0.0,0.0,ramesh678,2,1695048242,8,EOIHHN,2023-09-18 20:46:23.000,""
"23A89814-3D2E-4DBC-8005-291F92364501@ramesh678",2023-09-18 20:46:22.000,106.70015193330691,10.739082691514911,0.0,0.0,ramesh678,2,1695048242,8,EOIHHN,2023-09-18 20:46:28.000,""
"23A89814-3D2E-4DBC-8005-291F92364501@ramesh678",2023-09-18 20:46:27.000,106.70015193330691,10.739082691514911,0.0,0.0,ramesh678,2,1695048242,8,EOIHHN,2023-09-18 20:46:33.000,""
"23A89814-3D2E-4DBC-8005-291F92364501@ramesh678",2023-09-18 20:46:32.000,106.70015193330691,10.739082691514911,0.0,0.0,ramesh678,2,1695048242,8,EOIHHN,2023-09-18 20:46:38.000,""
"23A89814-3D2E-4DBC-8005-291F92364501@ramesh678",2023-09-18 20:46:37.000,106.70015193330691,10.739082691514911,0.0,0.0,ramesh678,2,1695048242,8,EOIHHN,2023-09-18 20:46:43.000,""
"23A89814-3D2E-4DBC-8005-291F92364501@ramesh678",2023-09-18 20:46:42.000,106.70015193330691,10.739082691514911,0.0,0.0,ramesh678,2,1695048242,8,EOIHHN,2023-09-18 20:46:48.000,""
"23A89814-3D2E-4DBC-8005-291F92364501@ramesh678",2023-09-18 20:46:47.000,106.70015193330691,10.739082691514911,0.0,0.0,ramesh678,2,1695048242,8,EOIHHN,2023-09-18 20:46:53.000,""
"23A89814-3D2E-4DBC-8005-291F92364501@ramesh678",2023-09-18 20:46:52.000,106.70015193330691,10.739082691514911,0.0,0.0,ramesh678,2,1695048242,8,EOIHHN,2023-09-18 20:46:58.000,""
"23A89814-3D2E-4DBC-8005-291F92364501@ramesh678",2023-09-18 20:46:57.000,106.70015193330691,10.739082691514911,0.0,0.0,ramesh678,2,1695048242,8,EOIHHN,2023-09-18 20:47:03.000,""
"23A89814-3D2E-4DBC-8005-291F92364501@ramesh678",2023-09-18 20:47:02.000,106.70015193330691,10.739082691514911,0.0,0.0,ramesh678,2,1695048242,8,EOIHHN,2023-09-18 20:47:08.000,""
"23A89814-3D2E-4DBC-8005-291F92364501@ramesh678",2023-09-18 20:47:07.000,106.70015193330691,10.739082691514911,0.0,0.0,ramesh678,2,1695048242,8,EOIHHN,2023-09-18 20:47:13.000,""
"23A89814-3D2E-4DBC-8005-291F92364501@ramesh678",2023-09-18 20:47:12.000,106.70015193330691,10.739082691514911,0.0,0.0,ramesh678,2,1695048242,8,EOIHHN,2023-09-18 20:47:18.000,""
"23A89814-3D2E-4DBC-8005-291F92364501@ramesh678",2023-09-18 20:47:17.000,106.70015193330691,10.739082691514911,0.0,0.0,ramesh678,2,1695048242,8,EOIHHN,2023-09-18 20:47:23.000,""
"23A89814-3D2E-4DBC-8005-291F92364501@ramesh678",2023-09-18 20:47:22.000,106.70015193330691,10.739082691514911,0.0,0.0,ramesh678,2,1695048242,8,EOIHHN,2023-09-18 20:47:28.000,""
"23A89814-3D2E-4DBC-8005-291F92364501@ramesh678",2023-09-18 20:47:27.000,106.70015193330691,10.739082691514911,0.0,0.0,ramesh678,2,1695048242,8,EOIHHN,2023-09-18 20:47:33.000,""
"23A89814-3D2E-4DBC-8005-291F92364501@ramesh678",2023-09-18 20:47:32.000,106.70015193330691,10.739082691514911,0.0,0.0,ramesh678,2,1695048242,8,EOIHHN,2023-09-18 20:47:38.000,""
"23A89814-3D2E-4DBC-8005-291F92364501@ramesh678",2023-09-18 20:47:37.000,106.70015193330691,10.739082691514911,0.0,0.0,ramesh678,2,1695048242,8,EOIHHN,2023-09-18 20:47:43.000,""
"23A89814-3D2E-4DBC-8005-291F92364501@ramesh678",2023-09-18 20:47:42.000,106.70015193330691,10.739082691514911,0.0,0.0,ramesh678,2,1695048242,8,EOIHHN,2023-09-18 20:47:48.000,""
"23A89814-3D2E-4DBC-8005-291F92364501@ramesh678",2023-09-18 20:47:47.000,106.70015193330691,10.739082691514911,0.0,0.0,ramesh678,2,1695048242,8,EOIHHN,2023-09-18 20:47:53.000,""
"23A89814-3D2E-4DBC-8005-291F92364501@ramesh678",2023-09-18 20:47:52.000,106.70015193330691,10.739082691514911,0.0,0.0,ramesh678,2,1695048242,8,EOIHHN,2023-09-18 20:47:58.000,""
"23A89814-3D2E-4DBC-8005-291F92364501@ramesh678",2023-09-18 20:47:57.000,106.70015193330691,10.739082691514911,0.0,0.0,ramesh678,2,1695048242,8,EOIHHN,2023-09-18 20:48:07.000,""
"23A89814-3D2E-4DBC-8005-291F92364501@ramesh678",2023-09-18 20:48:02.000,106.70015193330691,10.739082691514911,0.0,0.0,ramesh678,2,1695048242,8,EOIHHN,2023-09-18 20:48:08.000,""
"23A89814-3D2E-4DBC-8005-291F92364501@ramesh678",2023-09-18 20:48:07.000,106.70015193330691,10.739082691514911,0.0,0.0,ramesh678,2,1695048242,8,EOIHHN,2023-09-18 20:48:13.000,""
"23A89814-3D2E-4DBC-8005-291F92364501@ramesh678",2023-09-18 20:48:12.000,106.70015193330691,10.739082691514911,0.0,0.0,ramesh678,2,1695048242,8,EOIHHN,2023-09-18 20:48:18.000,""
"23A89814-3D2E-4DBC-8005-291F92364501@ramesh678",2023-09-18 20:48:17.000,106.70015193330691,10.739082691514911,0.0,0.0,ramesh678,2,1695048242,8,EOIHHN,2023-09-18 20:48:23.000,""
"23A89814-3D2E-4DBC-8005-291F92364501@ramesh678",2023-09-18 20:48:22.000,106.70015193330691,10.739082691514911,0.0,0.0,ramesh678,2,1695048242,8,EOIHHN,2023-09-18 20:48:28.000,""
"23A89814-3D2E-4DBC-8005-291F92364501@ramesh678",2023-09-18 20:48:27.000,106.70015193330691,10.739082691514911,0.0,0.0,ramesh678,2,1695048242,8,EOIHHN,2023-09-18 20:48:34.000,""
"23A89814-3D2E-4DBC-8005-291F92364501@ramesh678",2023-09-18 20:48:32.000,106.70015193330691,10.739082691514911,0.0,0.0,ramesh678,2,1695048242,8,EOIHHN,2023-09-18 20:48:38.000,""
"23A89814-3D2E-4DBC-8005-291F92364501@ramesh678",2023-09-18 20:48:37.000,106.70015193330691,10.739082691514911,0.0,0.0,ramesh678,2,1695048242,8,EOIHHN,2023-09-18 20:48:43.000,""
"23A89814-3D2E-4DBC-8005-291F92364501@ramesh678",2023-09-18 20:48:42.000,106.70015193330691,10.739082691514911,0.0,0.0,ramesh678,2,1695048242,8,EOIHHN,2023-09-18 20:48:48.000,""
"23A89814-3D2E-4DBC-8005-291F92364501@ramesh678",2023-09-18 20:48:47.000,106.70015193330691,10.739082691514911,0.0,0.0,ramesh678,2,1695048242,8,EOIHHN,2023-09-18 20:48:53.000,""
"23A89814-3D2E-4DBC-8005-291F92364501@ramesh678",2023-09-18 20:48:52.000,106.70015193330691,10.739082691514911,0.0,0.0,ramesh678,2,1695048242,8,EOIHHN,2023-09-18 20:48:58.000,""
"23A89814-3D2E-4DBC-8005-291F92364501@ramesh678",2023-09-18 20:48:57.000,106.70015193330691,10.739082691514911,0.0,0.0,ramesh678,2,1695048242,8,EOIHHN,2023-09-18 20:49:03.000,""
"23A89814-3D2E-4DBC-8005-291F92364501@ramesh678",2023-09-18 20:49:02.000,106.70015193330691,10.739082691514911,0.0,0.0,ramesh678,2,1695048242,8,EOIHHN,2023-09-18 20:49:08.000,""
"23A89814-3D2E-4DBC-8005-291F92364501@ramesh678",2023-09-18 20:49:07.000,106.70015193330691,10.739082691514911,0.0,0.0,ramesh678,2,1695048242,8,EOIHHN,2023-09-18 20:49:13.000,""
"23A89814-3D2E-4DBC-8005-291F92364501@ramesh678",2023-09-18 20:49:12.000,106.70015193330691,10.739082691514911,0.0,0.0,ramesh678,2,1695048242,8,EOIHHN,2023-09-18 20:49:18.000,""
"23A89814-3D2E-4DBC-8005-291F92364501@ramesh678",2023-09-18 20:49:17.000,106.70015193330691,10.739082691514911,0.0,0.0,ramesh678,2,1695048242,8,EOIHHN,2023-09-18 20:49:23.000,""
"23A89814-3D2E-4DBC-8005-291F92364501@ramesh678",2023-09-18 20:49:22.000,106.70015193330691,10.739082691514911,0.0,0.0,ramesh678,2,1695048242,8,EOIHHN,2023-09-18 20:49:28.000,""
"23A89814-3D2E-4DBC-8005-291F92364501@ramesh678",2023-09-18 20:49:27.000,106.70015193330691,10.739082691514911,0.0,0.0,ramesh678,2,1695048242,8,EOIHHN,2023-09-18 20:49:33.000,""
"23A89814-3D2E-4DBC-8005-291F92364501@ramesh678",2023-09-18 20:49:32.000,106.70015193330691,10.739082691514911,0.0,0.0,ramesh678,2,1695048242,8,EOIHHN,2023-09-18 20:49:38.000,""
"23A89814-3D2E-4DBC-8005-291F92364501@ramesh678",2023-09-18 20:49:37.000,106.70015193330691,10.739082691514911,0.0,0.0,ramesh678,2,1695048242,8,EOIHHN,2023-09-18 20:49:43.000,""
"23A89814-3D2E-4DBC-8005-291F92364501@ramesh678",2023-09-18 20:49:42.000,106.70015193330691,10.739082691514911,0.0,0.0,ramesh678,2,1695048242,8,EOIHHN,2023-09-18 20:49:48.000,""
"23A89814-3D2E-4DBC-8005-291F92364501@ramesh678",2023-09-18 20:49:47.000,106.70015193330691,10.739082691514911,0.0,0.0,ramesh678,2,1695048242,8,EOIHHN,2023-09-18 20:49:53.000,""
"23A89814-3D2E-4DBC-8005-291F92364501@ramesh678",2023-09-18 20:49:52.000,106.70015193330691,10.739082691514911,0.0,0.0,ramesh678,2,1695048242,8,EOIHHN,2023-09-18 20:49:58.000,""
"23A89814-3D2E-4DBC-8005-291F92364501@ramesh678",2023-09-18 20:49:57.000,106.70015193330691,10.739082691514911,0.0,0.0,ramesh678,2,1695048242,8,EOIHHN,2023-09-18 20:50:03.000,""
"23A89814-3D2E-4DBC-8005-291F92364501@ramesh678",2023-09-18 20:50:50.000,106.66001466398315,10.802565177563583,0.0,208.1543,ramesh678,2,1,16,EOIHHN,2023-09-18 20:50:50.000,""
