"driver","datetime","date","longitude","latitude","speed","heading","deviceStatus","session","motionActivity","_t","datetime_5minute","datetime_1minute"
jaichand_globalassure,"2024-02-24 13:53:23",2024-02-24,77.365939,28.6785545,0.1448537,29.694462,2,1708763006,0,2024-02-24 08:23:37,"2024-02-24 13:50:00","2024-02-24 13:53:00"
jaichand_globalassure,"2024-02-24 13:53:23",2024-02-24,77.365939,28.6785545,0.1448537,29.694462,2,1708763006,0,2024-02-24 08:24:17,"2024-02-24 13:50:00","2024-02-24 13:53:00"
jaichand_globalassure,"2024-02-24 13:53:23",2024-02-24,77.365939,28.6785545,0.1448537,29.694462,2,1708763006,0,2024-02-24 08:24:58,"2024-02-24 13:50:00","2024-02-24 13:53:00"
jaichand_globalassure,"2024-02-24 13:53:23",2024-02-24,77.365939,28.6785545,0.1448537,29.694462,2,1708763006,0,2024-02-24 08:25:38,"2024-02-24 13:50:00","2024-02-24 13:53:00"
jaichand_globalassure,"2024-02-24 13:53:23",2024-02-24,77.365939,28.6785545,0.1448537,29.694462,2,1708763006,1,2024-02-24 08:26:18,"2024-02-24 13:50:00","2024-02-24 13:53:00"
jaichand_globalassure,"2024-02-24 13:53:23",2024-02-24,77.365939,28.6785545,0.1448537,29.694462,2,1708763006,8,2024-02-24 08:26:58,"2024-02-24 13:50:00","2024-02-24 13:53:00"
jaichand_globalassure,"2024-02-24 13:53:23",2024-02-24,77.365939,28.6785545,0.1448537,29.694462,2,1708763006,8,2024-02-24 08:27:38,"2024-02-24 13:50:00","2024-02-24 13:53:00"
jaichand_globalassure,"2024-02-24 13:53:23",2024-02-24,77.365939,28.6785545,0.1448537,29.694462,2,1708763006,8,2024-02-24 08:28:18,"2024-02-24 13:50:00","2024-02-24 13:53:00"
jaichand_globalassure,"2024-02-24 13:53:23",2024-02-24,77.365939,28.6785545,0.1448537,29.694462,2,1708763006,8,2024-02-24 08:33:31,"2024-02-24 13:50:00","2024-02-24 13:53:00"
jaichand_globalassure,"2024-02-24 13:53:23",2024-02-24,77.365939,28.6785545,0.1448537,29.694462,2,1708763006,8,2024-02-24 08:34:14,"2024-02-24 13:50:00","2024-02-24 13:53:00"
jaichand_globalassure,"2024-02-24 13:53:23",2024-02-24,77.365939,28.6785545,0.1448537,29.694462,2,1708763006,8,2024-02-24 08:34:54,"2024-02-24 13:50:00","2024-02-24 13:53:00"
jaichand_globalassure,"2024-02-24 13:53:23",2024-02-24,77.365939,28.6785545,0.1448537,29.694462,2,1708763006,8,2024-02-24 08:35:34,"2024-02-24 13:50:00","2024-02-24 13:53:00"
jaichand_globalassure,"2024-02-24 13:53:23",2024-02-24,77.365939,28.6785545,0.1448537,29.694462,2,1708763006,8,2024-02-24 08:36:14,"2024-02-24 13:50:00","2024-02-24 13:53:00"
jaichand_globalassure,"2024-02-24 13:53:23",2024-02-24,77.365939,28.6785545,0.1448537,29.694462,2,1708763006,8,2024-02-24 08:36:54,"2024-02-24 13:50:00","2024-02-24 13:53:00"
jaichand_globalassure,"2024-02-24 13:53:23",2024-02-24,77.365939,28.6785545,0.1448537,29.694462,2,1708763006,8,2024-02-24 08:37:34,"2024-02-24 13:50:00","2024-02-24 13:53:00"
jaichand_globalassure,"2024-02-24 14:07:33",2024-02-24,77.3664606,28.6785104,27.886457,95.946266,1,1708763006,8,2024-02-24 08:42:59,"2024-02-24 14:05:00","2024-02-24 14:07:00"
jaichand_globalassure,"2024-02-24 14:07:42",2024-02-24,77.3666384,28.6785042,11.075069,282.48392,1,1708763006,8,2024-02-24 08:42:59,"2024-02-24 14:05:00","2024-02-24 14:07:00"
jaichand_globalassure,"2024-02-24 14:07:53",2024-02-24,77.3659525,28.6787016,0.8918725,278.19275,2,1708763006,64,2024-02-24 08:42:59,"2024-02-24 14:05:00","2024-02-24 14:07:00"
jaichand_globalassure,"2024-02-24 14:08:08",2024-02-24,77.365842,28.6788077,0.3446242,303.7146,2,1708763006,64,2024-02-24 08:42:59,"2024-02-24 14:05:00","2024-02-24 14:08:00"
jaichand_globalassure,"2024-02-24 14:09:14",2024-02-24,77.3657741,28.6790569,2.8806052,327.01352,1,1708763006,32,2024-02-24 08:42:59,"2024-02-24 14:05:00","2024-02-24 14:09:00"
jaichand_globalassure,"2024-02-24 14:09:26",2024-02-24,77.3653614,28.6788915,1.0481131,180.00003,1,1708763006,8,2024-02-24 08:42:59,"2024-02-24 14:05:00","2024-02-24 14:09:00"
jaichand_globalassure,"2024-02-24 14:09:41",2024-02-24,77.3655506,28.6788398,3.9101346,90.66739,1,1708763006,8,2024-02-24 08:42:59,"2024-02-24 14:05:00","2024-02-24 14:09:00"
jaichand_globalassure,"2024-02-24 14:09:53",2024-02-24,77.3659506,28.6789169,1.0502524,78.08727,1,1708763006,8,2024-02-24 08:42:59,"2024-02-24 14:05:00","2024-02-24 14:09:00"
jaichand_globalassure,"2024-02-24 14:10:17",2024-02-24,77.3678817,28.6728567,0.0,0.0,2,1708763006,8,2024-02-24 08:42:59,"2024-02-24 14:10:00","2024-02-24 14:10:00"
jaichand_globalassure,"2024-02-24 14:10:35",2024-02-24,77.3659617,28.67901,0.0,0.0,2,1708763006,32,2024-02-24 08:42:59,"2024-02-24 14:10:00","2024-02-24 14:10:00"
jaichand_globalassure,"2024-02-24 14:11:32",2024-02-24,77.3658345,28.6789125,0.88916016,190.05325,2,1708763006,8,2024-02-24 08:42:59,"2024-02-24 14:10:00","2024-02-24 14:11:00"
jaichand_globalassure,"2024-02-24 14:11:42",2024-02-24,77.3659675,28.6791167,0.71268934,0.00001435,2,1708763006,8,2024-02-24 08:42:59,"2024-02-24 14:10:00","2024-02-24 14:11:00"
jaichand_globalassure,"2024-02-24 14:11:54",2024-02-24,77.3706317,28.6803567,0.0,0.0,2,1708763006,8,2024-02-24 08:42:59,"2024-02-24 14:10:00","2024-02-24 14:11:00"
jaichand_globalassure,"2024-02-24 14:12:17",2024-02-24,77.3741017,28.6819333,0.0,0.0,2,1708763006,8,2024-02-24 08:42:59,"2024-02-24 14:10:00","2024-02-24 14:12:00"
jaichand_globalassure,"2024-02-24 14:12:38",2024-02-24,77.3709217,28.6828283,0.0,0.0,2,1708763006,8,2024-02-24 08:42:59,"2024-02-24 14:10:00","2024-02-24 14:12:00"
jaichand_globalassure,"2024-02-24 14:13:12",2024-02-24,77.36665,28.6801283,0.0,0.0,2,1708763006,8,2024-02-24 08:43:39,"2024-02-24 14:10:00","2024-02-24 14:13:00"
jaichand_globalassure,"2024-02-24 14:13:43",2024-02-24,77.365802,28.6790632,12.980354,214.93344,1,1708763006,8,2024-02-24 08:48:47,"2024-02-24 14:10:00","2024-02-24 14:13:00"
jaichand_globalassure,"2024-02-24 14:14:13",2024-02-24,77.3668596,28.6787506,0.28078696,180.0,2,1708763006,8,2024-02-24 08:48:47,"2024-02-24 14:10:00","2024-02-24 14:14:00"
jaichand_globalassure,"2024-02-24 14:14:18",2024-02-24,77.367143,28.6786712,0.034347944,0.0,2,1708763006,8,2024-02-24 08:48:47,"2024-02-24 14:10:00","2024-02-24 14:14:00"
jaichand_globalassure,"2024-02-24 14:14:43",2024-02-24,77.3658328,28.6790889,10.970323,289.70718,1,1708763006,8,2024-02-24 08:48:47,"2024-02-24 14:10:00","2024-02-24 14:14:00"
jaichand_globalassure,"2024-02-24 14:15:25",2024-02-24,77.3659349,28.6789587,0.48561338,179.99994,2,1708763006,8,2024-02-24 08:48:47,"2024-02-24 14:15:00","2024-02-24 14:15:00"
jaichand_globalassure,"2024-02-24 14:16:21",2024-02-24,77.3664244,28.6790582,0.05522718,0.0,2,1708763006,8,2024-02-24 08:48:47,"2024-02-24 14:15:00","2024-02-24 14:16:00"
jaichand_globalassure,"2024-02-24 14:16:33",2024-02-24,77.3659483,28.6789616,15.302685,257.03006,1,1708763006,8,2024-02-24 08:48:47,"2024-02-24 14:15:00","2024-02-24 14:16:00"
jaichand_globalassure,"2024-02-24 14:17:47",2024-02-24,77.3662093,28.6790918,1.0346096,0.00000308,1,1708763006,8,2024-02-24 08:48:47,"2024-02-24 14:15:00","2024-02-24 14:17:00"
jaichand_globalassure,"2024-02-24 14:18:23",2024-02-24,77.365865,28.6789743,1.9798024,251.08344,1,1708763006,8,2024-02-24 08:48:47,"2024-02-24 14:15:00","2024-02-24 14:18:00"
jaichand_globalassure,"2024-02-24 14:18:44",2024-02-24,77.365951,28.6773647,0.5889359,180.0,2,1708763006,8,2024-02-24 08:48:47,"2024-02-24 14:15:00","2024-02-24 14:18:00"
jaichand_globalassure,"2024-02-24 14:19:04",2024-02-24,77.3659035,28.6791481,1.0568403,0.0,1,1708763006,8,2024-02-24 08:53:34,"2024-02-24 14:15:00","2024-02-24 14:19:00"
jaichand_globalassure,"2024-02-24 14:20:04",2024-02-24,77.3658377,28.6790062,0.6655016,162.4137,2,1708763006,8,2024-02-24 08:53:34,"2024-02-24 14:20:00","2024-02-24 14:20:00"
jaichand_globalassure,"2024-02-24 14:20:45",2024-02-24,77.3663954,28.6779029,3.7378018,179.99995,1,1708763006,8,2024-02-24 08:53:34,"2024-02-24 14:20:00","2024-02-24 14:20:00"
jaichand_globalassure,"2024-02-24 14:20:53",2024-02-24,77.3665472,28.6775648,0.06880538,0.0,2,1708763006,8,2024-02-24 08:53:34,"2024-02-24 14:20:00","2024-02-24 14:20:00"
jaichand_globalassure,"2024-02-24 14:21:03",2024-02-24,77.3658138,28.6790283,16.708277,335.73712,1,1708763006,8,2024-02-24 08:53:34,"2024-02-24 14:20:00","2024-02-24 14:21:00"
jaichand_globalassure,"2024-02-24 14:21:11",2024-02-24,77.3657307,28.6792587,0.8849445,0.0,2,1708763006,8,2024-02-24 08:53:34,"2024-02-24 14:20:00","2024-02-24 14:21:00"
jaichand_globalassure,"2024-02-24 14:21:23",2024-02-24,77.3658384,28.6789916,2.293258,163.10571,1,1708763006,8,2024-02-24 08:53:34,"2024-02-24 14:20:00","2024-02-24 14:21:00"
jaichand_globalassure,"2024-02-24 14:21:29",2024-02-24,77.3663414,28.6791944,2.8827913,0.00005949,1,1708763006,8,2024-02-24 08:53:34,"2024-02-24 14:20:00","2024-02-24 14:21:00"
jaichand_globalassure,"2024-02-24 14:21:43",2024-02-24,77.366088,28.6790333,1.0585063,180.00029,1,1708763006,8,2024-02-24 08:53:34,"2024-02-24 14:20:00","2024-02-24 14:21:00"
jaichand_globalassure,"2024-02-24 14:21:54",2024-02-24,77.3658238,28.678909,0.43151706,180.00008,2,1708763006,8,2024-02-24 08:53:34,"2024-02-24 14:20:00","2024-02-24 14:21:00"
jaichand_globalassure,"2024-02-24 14:22:06",2024-02-24,77.3658207,28.6791029,0.8223861,0.0,2,1708763006,8,2024-02-24 08:53:34,"2024-02-24 14:20:00","2024-02-24 14:22:00"
jaichand_globalassure,"2024-02-24 14:22:19",2024-02-24,77.3659992,28.6771644,20.333498,179.99998,1,1708763006,8,2024-02-24 08:53:34,"2024-02-24 14:20:00","2024-02-24 14:22:00"
jaichand_globalassure,"2024-02-24 14:22:38",2024-02-24,77.3658933,28.6791767,0.0,0.0,2,1708763006,8,2024-02-24 08:53:34,"2024-02-24 14:20:00","2024-02-24 14:22:00"
jaichand_globalassure,"2024-02-24 14:22:49",2024-02-24,77.3658099,28.6790557,1.4275337,211.48537,1,1708763006,8,2024-02-24 08:53:34,"2024-02-24 14:20:00","2024-02-24 14:22:00"
jaichand_globalassure,"2024-02-24 14:23:00",2024-02-24,77.366278,28.6792345,0.33555418,0.0000646,2,1708763006,8,2024-02-24 08:53:34,"2024-02-24 14:20:00","2024-02-24 14:23:00"
jaichand_globalassure,"2024-02-24 14:23:05",2024-02-24,77.3670654,28.6784249,0.586428,179.99991,2,1708763006,8,2024-02-24 08:53:34,"2024-02-24 14:20:00","2024-02-24 14:23:00"
jaichand_globalassure,"2024-02-24 14:23:20",2024-02-24,77.3662307,28.6789015,2.3806934,0.0,1,1708763006,8,2024-02-24 08:53:34,"2024-02-24 14:20:00","2024-02-24 14:23:00"
jaichand_globalassure,"2024-02-24 14:23:40",2024-02-24,77.3659194,28.6790206,0.04010167,0.0,2,1708763006,8,2024-02-24 08:58:42,"2024-02-24 14:20:00","2024-02-24 14:23:00"
jaichand_globalassure,"2024-02-24 14:24:31",2024-02-24,77.3656864,28.678854,0.6372746,180.00003,2,1708763006,32,2024-02-24 08:58:42,"2024-02-24 14:20:00","2024-02-24 14:24:00"
jaichand_globalassure,"2024-02-24 14:24:43",2024-02-24,77.3657817,28.6791538,0.7949006,0.0,2,1708763006,8,2024-02-24 08:58:42,"2024-02-24 14:20:00","2024-02-24 14:24:00"
jaichand_globalassure,"2024-02-24 14:24:58",2024-02-24,77.3657501,28.6789505,0.028714962,0.0,2,1708763006,8,2024-02-24 08:58:42,"2024-02-24 14:20:00","2024-02-24 14:24:00"
jaichand_globalassure,"2024-02-24 14:25:28",2024-02-24,77.3659746,28.6790084,0.062426373,0.0,2,1708763006,8,2024-02-24 08:58:42,"2024-02-24 14:25:00","2024-02-24 14:25:00"
jaichand_globalassure,"2024-02-24 14:25:48",2024-02-24,77.3665875,28.6793903,0.21410878,0.00006706,2,1708763006,8,2024-02-24 08:58:42,"2024-02-24 14:25:00","2024-02-24 14:25:00"
jaichand_globalassure,"2024-02-24 14:25:59",2024-02-24,77.3660488,28.6790824,5.6255207,235.35175,1,1708763006,8,2024-02-24 08:58:42,"2024-02-24 14:25:00","2024-02-24 14:25:00"
jaichand_globalassure,"2024-02-24 14:26:05",2024-02-24,77.3657865,28.6790966,0.50686324,0.0,2,1708763006,32,2024-02-24 08:58:42,"2024-02-24 14:25:00","2024-02-24 14:26:00"
jaichand_globalassure,"2024-02-24 14:26:18",2024-02-24,77.3658675,28.6789386,4.719852,163.08476,1,1708763006,32,2024-02-24 08:58:42,"2024-02-24 14:25:00","2024-02-24 14:26:00"
jaichand_globalassure,"2024-02-24 14:26:41",2024-02-24,77.3658761,28.6790942,0.20551822,4.658324,2,1708763006,64,2024-02-24 08:58:42,"2024-02-24 14:25:00","2024-02-24 14:26:00"
jaichand_globalassure,"2024-02-24 14:26:49",2024-02-24,77.3659185,28.6789559,0.06577401,0.0,2,1708763006,64,2024-02-24 08:58:42,"2024-02-24 14:25:00","2024-02-24 14:26:00"
jaichand_globalassure,"2024-02-24 14:26:59",2024-02-24,77.3659541,28.6788184,0.5968129,174.54129,2,1708763006,64,2024-02-24 08:58:42,"2024-02-24 14:25:00","2024-02-24 14:26:00"
jaichand_globalassure,"2024-02-24 14:27:12",2024-02-24,77.3659494,28.6786817,0.633317,174.46088,2,1708763006,64,2024-02-24 08:58:42,"2024-02-24 14:25:00","2024-02-24 14:27:00"
jaichand_globalassure,"2024-02-24 14:27:12",2024-02-24,77.3659494,28.6786817,0.633317,174.46088,2,1708763006,32,2024-02-24 09:01:04,"2024-02-24 14:25:00","2024-02-24 14:27:00"
jaichand_globalassure,"2024-02-24 14:27:12",2024-02-24,77.3659494,28.6786817,0.633317,174.46088,2,1708763006,8,2024-02-24 09:06:04,"2024-02-24 14:25:00","2024-02-24 14:27:00"
jaichand_globalassure,"2024-02-24 14:39:00",2024-02-24,77.365944,28.6785419,0.10227998,178.74338,2,1708763006,32,2024-02-24 09:09:35,"2024-02-24 14:35:00","2024-02-24 14:39:00"
jaichand_globalassure,"2024-02-24 14:39:00",2024-02-24,77.365944,28.6785419,0.10227998,178.74338,2,1708763006,32,2024-02-24 09:13:34,"2024-02-24 14:35:00","2024-02-24 14:39:00"
jaichand_globalassure,"2024-02-24 14:39:00",2024-02-24,77.365944,28.6785419,0.10227998,178.74338,2,1708763006,8,2024-02-24 09:18:41,"2024-02-24 14:35:00","2024-02-24 14:39:00"
jaichand_globalassure,"2024-02-24 14:39:00",2024-02-24,77.365944,28.6785419,0.10227998,178.74338,2,1708763006,64,2024-02-24 09:21:41,"2024-02-24 14:35:00","2024-02-24 14:39:00"
jaichand_globalassure,"2024-02-24 14:39:00",2024-02-24,77.365944,28.6785419,0.10227998,178.74338,2,1708763006,8,2024-02-24 09:24:30,"2024-02-24 14:35:00","2024-02-24 14:39:00"
jaichand_globalassure,"2024-02-24 14:39:00",2024-02-24,77.365944,28.6785419,0.10227998,178.74338,2,1708763006,8,2024-02-24 09:28:35,"2024-02-24 14:35:00","2024-02-24 14:39:00"
jaichand_globalassure,"2024-02-24 14:39:00",2024-02-24,77.365944,28.6785419,0.10227998,178.74338,2,1708763006,8,2024-02-24 09:32:54,"2024-02-24 14:35:00","2024-02-24 14:39:00"
jaichand_globalassure,"2024-02-24 14:39:00",2024-02-24,77.365944,28.6785419,0.10227998,178.74338,2,1708763006,8,2024-02-24 09:36:53,"2024-02-24 14:35:00","2024-02-24 14:39:00"
jaichand_globalassure,"2024-02-24 14:39:00",2024-02-24,77.365944,28.6785419,0.10227998,178.74338,2,1708763006,8,2024-02-24 09:41:24,"2024-02-24 14:35:00","2024-02-24 14:39:00"
jaichand_globalassure,"2024-02-24 14:39:00",2024-02-24,77.365944,28.6785419,0.10227998,178.74338,2,1708763006,8,2024-02-24 09:42:06,"2024-02-24 14:35:00","2024-02-24 14:39:00"
jaichand_globalassure,"2024-02-24 14:39:00",2024-02-24,77.365944,28.6785419,0.10227998,178.74338,2,1708763006,8,2024-02-24 09:43:10,"2024-02-24 14:35:00","2024-02-24 14:39:00"
jaichand_globalassure,"2024-02-24 14:39:00",2024-02-24,77.365944,28.6785419,0.10227998,178.74338,2,1708763006,8,2024-02-24 09:48:14,"2024-02-24 14:35:00","2024-02-24 14:39:00"
jaichand_globalassure,"2024-02-24 14:39:00",2024-02-24,77.365944,28.6785419,0.10227998,178.74338,2,1708763006,8,2024-02-24 09:49:35,"2024-02-24 14:35:00","2024-02-24 14:39:00"
jaichand_globalassure,"2024-02-24 14:39:00",2024-02-24,77.365944,28.6785419,0.10227998,178.74338,2,1708763006,8,2024-02-24 09:51:50,"2024-02-24 14:35:00","2024-02-24 14:39:00"
jaichand_globalassure,"2024-02-24 14:39:00",2024-02-24,77.365944,28.6785419,0.10227998,178.74338,2,1708763006,32,2024-02-24 09:57:19,"2024-02-24 14:35:00","2024-02-24 14:39:00"
jaichand_globalassure,"2024-02-24 15:28:21",2024-02-24,77.3658717,28.6786697,3.3463686,357.98807,1,1708763006,64,2024-02-24 10:02:07,"2024-02-24 15:25:00","2024-02-24 15:28:00"
jaichand_globalassure,"2024-02-24 15:28:37",2024-02-24,77.3658163,28.678815,0.63086945,354.72845,2,1708763006,64,2024-02-24 10:02:07,"2024-02-24 15:25:00","2024-02-24 15:28:00"
jaichand_globalassure,"2024-02-24 15:28:47",2024-02-24,77.3658743,28.6786211,0.120524764,167.58301,2,1708763006,64,2024-02-24 10:02:07,"2024-02-24 15:25:00","2024-02-24 15:28:00"
jaichand_globalassure,"2024-02-24 15:28:52",2024-02-24,77.3658837,28.6787623,0.055303946,0.0,2,1708763006,64,2024-02-24 10:02:07,"2024-02-24 15:25:00","2024-02-24 15:28:00"
jaichand_globalassure,"2024-02-24 15:28:57",2024-02-24,77.3658924,28.678599,0.15124638,179.99991,2,1708763006,64,2024-02-24 10:02:07,"2024-02-24 15:25:00","2024-02-24 15:28:00"
jaichand_globalassure,"2024-02-24 15:29:07",2024-02-24,77.3658955,28.6787719,0.001242625,0.0,2,1708763006,64,2024-02-24 10:02:07,"2024-02-24 15:25:00","2024-02-24 15:29:00"
jaichand_globalassure,"2024-02-24 15:29:11",2024-02-24,77.3658674,28.6789248,0.08644178,0.0,2,1708763006,64,2024-02-24 10:02:07,"2024-02-24 15:25:00","2024-02-24 15:29:00"
jaichand_globalassure,"2024-02-24 15:29:22",2024-02-24,77.3656161,28.6790782,0.6114848,291.84955,2,1708763006,1,2024-02-24 10:02:07,"2024-02-24 15:25:00","2024-02-24 15:29:00"
jaichand_globalassure,"2024-02-24 15:29:27",2024-02-24,77.3655001,28.6791794,0.3830532,315.23486,2,1708763006,1,2024-02-24 10:02:07,"2024-02-24 15:25:00","2024-02-24 15:29:00"
jaichand_globalassure,"2024-02-24 15:29:33",2024-02-24,77.3652794,28.6795621,14.073696,334.03156,1,1708763006,1,2024-02-24 10:02:07,"2024-02-24 15:25:00","2024-02-24 15:29:00"
jaichand_globalassure,"2024-02-24 15:29:44",2024-02-24,77.3643865,28.6804691,4.99771,337.87097,1,1708763006,1,2024-02-24 10:02:07,"2024-02-24 15:25:00","2024-02-24 15:29:00"
jaichand_globalassure,"2024-02-24 15:30:08",2024-02-24,77.3642394,28.6809644,3.9790967,350.15012,1,1708763006,32,2024-02-24 10:02:07,"2024-02-24 15:30:00","2024-02-24 15:30:00"
jaichand_globalassure,"2024-02-24 15:30:18",2024-02-24,77.3640395,28.6814278,5.2973866,340.99576,1,1708763006,1,2024-02-24 10:02:07,"2024-02-24 15:30:00","2024-02-24 15:30:00"
jaichand_globalassure,"2024-02-24 15:30:32",2024-02-24,77.3639934,28.6808733,0.88455564,299.90805,2,1708763006,1,2024-02-24 10:02:07,"2024-02-24 15:30:00","2024-02-24 15:30:00"
jaichand_globalassure,"2024-02-24 15:30:42",2024-02-24,77.3636186,28.6817841,9.832536,339.07803,1,1708763006,32,2024-02-24 10:02:07,"2024-02-24 15:30:00","2024-02-24 15:30:00"
jaichand_globalassure,"2024-02-24 15:30:47",2024-02-24,77.3637355,28.6815436,2.3693657,179.99998,1,1708763006,32,2024-02-24 10:02:07,"2024-02-24 15:30:00","2024-02-24 15:30:00"
jaichand_globalassure,"2024-02-24 15:31:03",2024-02-24,77.3636498,28.6817096,2.474359,0.0,1,1708763006,32,2024-02-24 10:02:07,"2024-02-24 15:30:00","2024-02-24 15:31:00"
jaichand_globalassure,"2024-02-24 15:31:16",2024-02-24,77.3636353,28.6818466,0.08992067,0.0,2,1708763006,1,2024-02-24 10:02:07,"2024-02-24 15:30:00","2024-02-24 15:31:00"
jaichand_globalassure,"2024-02-24 15:31:28",2024-02-24,77.3625416,28.6824911,17.539703,302.8925,1,1708763006,1,2024-02-24 10:02:07,"2024-02-24 15:30:00","2024-02-24 15:31:00"
jaichand_globalassure,"2024-02-24 15:31:37",2024-02-24,77.3623421,28.6824964,4.446052,256.74277,1,1708763006,1,2024-02-24 10:02:07,"2024-02-24 15:30:00","2024-02-24 15:31:00"
jaichand_globalassure,"2024-02-24 15:31:44",2024-02-24,77.3632369,28.6820291,0.7914775,179.99985,2,1708763006,1,2024-02-24 10:02:07,"2024-02-24 15:30:00","2024-02-24 15:31:00"
jaichand_globalassure,"2024-02-24 15:31:58",2024-02-24,77.3600846,28.6817034,0.0,0.0,2,1708763006,1,2024-02-24 10:02:07,"2024-02-24 15:30:00","2024-02-24 15:31:00"
jaichand_globalassure,"2024-02-24 15:32:08",2024-02-24,77.3631883,28.6820167,0.0,0.0,2,1708763006,32,2024-02-24 10:02:48,"2024-02-24 15:30:00","2024-02-24 15:32:00"
jaichand_globalassure,"2024-02-24 15:32:26",2024-02-24,77.3628317,28.6818657,0.07081934,0.0,2,1708763006,1,2024-02-24 10:02:48,"2024-02-24 15:30:00","2024-02-24 15:32:00"
jaichand_globalassure,"2024-02-24 15:32:39",2024-02-24,77.3624549,28.6816983,0.021366054,0.0,2,1708763006,1,2024-02-24 10:02:48,"2024-02-24 15:30:00","2024-02-24 15:32:00"
jaichand_globalassure,"2024-02-24 15:32:53",2024-02-24,77.3622464,28.681742,0.35612613,0.0,2,1708763006,1,2024-02-24 10:08:11,"2024-02-24 15:30:00","2024-02-24 15:32:00"
jaichand_globalassure,"2024-02-24 15:33:01",2024-02-24,77.3619659,28.68181,0.06916911,0.0,2,1708763006,32,2024-02-24 10:08:11,"2024-02-24 15:30:00","2024-02-24 15:33:00"
jaichand_globalassure,"2024-02-24 15:33:06",2024-02-24,77.3617969,28.6818457,0.37095007,359.99896,2,1708763006,32,2024-02-24 10:08:11,"2024-02-24 15:30:00","2024-02-24 15:33:00"
jaichand_globalassure,"2024-02-24 15:33:21",2024-02-24,77.3590976,28.6817651,0.0,300.0548,2,1708763006,64,2024-02-24 10:08:11,"2024-02-24 15:30:00","2024-02-24 15:33:00"
jaichand_globalassure,"2024-02-24 15:33:31",2024-02-24,77.3610976,28.6817134,0.112144485,179.98874,2,1708763006,64,2024-02-24 10:08:11,"2024-02-24 15:30:00","2024-02-24 15:33:00"
jaichand_globalassure,"2024-02-24 15:33:40",2024-02-24,77.3608454,28.681678,0.34732094,180.0012,2,1708763006,64,2024-02-24 10:08:11,"2024-02-24 15:30:00","2024-02-24 15:33:00"
jaichand_globalassure,"2024-02-24 15:33:50",2024-02-24,77.3601921,28.6815694,0.11220504,180.0,2,1708763006,64,2024-02-24 10:08:11,"2024-02-24 15:30:00","2024-02-24 15:33:00"
jaichand_globalassure,"2024-02-24 15:33:57",2024-02-24,77.3598514,28.6814945,0.02310524,0.0,2,1708763006,64,2024-02-24 10:08:11,"2024-02-24 15:30:00","2024-02-24 15:33:00"
jaichand_globalassure,"2024-02-24 15:34:11",2024-02-24,77.3592694,28.6815327,0.005763268,0.0,2,1708763006,32,2024-02-24 10:08:11,"2024-02-24 15:30:00","2024-02-24 15:34:00"
jaichand_globalassure,"2024-02-24 15:34:23",2024-02-24,77.3591597,28.6816368,1.5249052,319.05756,1,1708763006,32,2024-02-24 10:08:11,"2024-02-24 15:30:00","2024-02-24 15:34:00"
jaichand_globalassure,"2024-02-24 15:34:52",2024-02-24,77.3590181,28.6817041,0.00626051,0.0,2,1708763006,8,2024-02-24 10:08:11,"2024-02-24 15:30:00","2024-02-24 15:34:00"
jaichand_globalassure,"2024-02-24 15:36:05",2024-02-24,77.3589839,28.6818571,0.63585734,328.69406,2,1708763006,32,2024-02-24 10:08:11,"2024-02-24 15:35:00","2024-02-24 15:36:00"
jaichand_globalassure,"2024-02-24 15:36:25",2024-02-24,77.3590244,28.6820668,0.80415404,3.5066473,2,1708763006,32,2024-02-24 10:08:11,"2024-02-24 15:35:00","2024-02-24 15:36:00"
jaichand_globalassure,"2024-02-24 15:36:35",2024-02-24,77.3586429,28.6834788,43.688946,340.39972,1,1708763006,1,2024-02-24 10:08:11,"2024-02-24 15:35:00","2024-02-24 15:36:00"
jaichand_globalassure,"2024-02-24 15:36:45",2024-02-24,77.3577495,28.6843664,15.973103,325.27066,1,1708763006,1,2024-02-24 10:08:11,"2024-02-24 15:35:00","2024-02-24 15:36:00"
jaichand_globalassure,"2024-02-24 15:36:55",2024-02-24,77.3566198,28.6842159,10.765656,287.9437,1,1708763006,1,2024-02-24 10:08:11,"2024-02-24 15:35:00","2024-02-24 15:36:00"
jaichand_globalassure,"2024-02-24 15:37:04",2024-02-24,77.3557914,28.6840686,21.128698,258.71445,1,1708763006,32,2024-02-24 10:08:11,"2024-02-24 15:35:00","2024-02-24 15:37:00"
jaichand_globalassure,"2024-02-24 15:37:15",2024-02-24,77.3541116,28.6838163,16.37953,259.9897,1,1708763006,1,2024-02-24 10:08:11,"2024-02-24 15:35:00","2024-02-24 15:37:00"
jaichand_globalassure,"2024-02-24 15:37:24",2024-02-24,77.3546476,28.6840496,5.3558106,62.143616,1,1708763006,32,2024-02-24 10:08:11,"2024-02-24 15:35:00","2024-02-24 15:37:00"
jaichand_globalassure,"2024-02-24 15:37:32",2024-02-24,77.3548652,28.6840685,3.888663,70.343346,1,1708763006,32,2024-02-24 10:08:11,"2024-02-24 15:35:00","2024-02-24 15:37:00"
jaichand_globalassure,"2024-02-24 15:37:46",2024-02-24,77.3540086,28.6838443,17.043818,253.39752,1,1708763006,32,2024-02-24 10:08:11,"2024-02-24 15:35:00","2024-02-24 15:37:00"
jaichand_globalassure,"2024-02-24 15:37:53",2024-02-24,77.3529203,28.6835596,16.548586,253.39752,1,1708763006,32,2024-02-24 10:08:11,"2024-02-24 15:35:00","2024-02-24 15:37:00"
jaichand_globalassure,"2024-02-24 15:38:01",2024-02-24,77.3526534,28.6840977,8.824245,286.03796,1,1708763006,32,2024-02-24 10:08:11,"2024-02-24 15:35:00","2024-02-24 15:38:00"
jaichand_globalassure,"2024-02-24 15:38:13",2024-02-24,77.3519016,28.684297,6.7365026,286.7323,1,1708763006,32,2024-02-24 10:12:02,"2024-02-24 15:35:00","2024-02-24 15:38:00"
jaichand_globalassure,"2024-02-24 15:38:24",2024-02-24,77.3506671,28.6843898,8.703677,279.0692,1,1708763006,32,2024-02-24 10:12:02,"2024-02-24 15:35:00","2024-02-24 15:38:00"
jaichand_globalassure,"2024-02-24 15:38:29",2024-02-24,77.3492029,28.6841898,17.072739,266.66708,1,1708763006,32,2024-02-24 10:12:02,"2024-02-24 15:35:00","2024-02-24 15:38:00"
jaichand_globalassure,"2024-02-24 15:38:47",2024-02-24,77.3484483,28.6842233,0.0,0.0,2,1708763006,32,2024-02-24 10:12:02,"2024-02-24 15:35:00","2024-02-24 15:38:00"
jaichand_globalassure,"2024-02-24 15:39:00",2024-02-24,77.3477937,28.6846393,6.2542033,305.9195,1,1708763006,32,2024-02-24 10:12:02,"2024-02-24 15:35:00","2024-02-24 15:39:00"
jaichand_globalassure,"2024-02-24 15:39:10",2024-02-24,77.348119,28.684378,1.8995396,322.15427,1,1708763006,32,2024-02-24 10:12:02,"2024-02-24 15:35:00","2024-02-24 15:39:00"
jaichand_globalassure,"2024-02-24 15:39:23",2024-02-24,77.3479566,28.6844957,2.3716047,312.96973,1,1708763006,8,2024-02-24 10:12:02,"2024-02-24 15:35:00","2024-02-24 15:39:00"
jaichand_globalassure,"2024-02-24 15:39:45",2024-02-24,77.3477324,28.6847043,0.47916448,327.80795,2,1708763006,8,2024-02-24 10:12:02,"2024-02-24 15:35:00","2024-02-24 15:39:00"
jaichand_globalassure,"2024-02-24 15:41:52",2024-02-24,77.3468987,28.685095,11.106114,291.66086,1,1708763006,8,2024-02-24 10:12:02,"2024-02-24 15:40:00","2024-02-24 15:41:00"
jaichand_globalassure,"2024-02-24 15:42:02",2024-02-24,77.3458998,28.6854687,8.592797,302.3627,1,1708763006,8,2024-02-24 10:13:38,"2024-02-24 15:40:00","2024-02-24 15:42:00"
jaichand_globalassure,"2024-02-24 15:42:13",2024-02-24,77.3454967,28.6855213,5.2546377,290.48853,1,1708763006,1,2024-02-24 10:13:38,"2024-02-24 15:40:00","2024-02-24 15:42:00"
jaichand_globalassure,"2024-02-24 15:42:26",2024-02-24,77.3467062,28.6848389,0.0060641104,0.0,2,1708763006,1,2024-02-24 10:13:38,"2024-02-24 15:40:00","2024-02-24 15:42:00"
jaichand_globalassure,"2024-02-24 15:43:02",2024-02-24,77.3465234,28.6848849,0.018608386,0.0,2,1708763006,1,2024-02-24 10:13:38,"2024-02-24 15:40:00","2024-02-24 15:43:00"
jaichand_globalassure,"2024-02-24 15:43:13",2024-02-24,77.3459039,28.6849463,0.008344675,0.0,2,1708763006,1,2024-02-24 10:13:38,"2024-02-24 15:40:00","2024-02-24 15:43:00"
jaichand_globalassure,"2024-02-24 15:43:48",2024-02-24,77.3450764,28.6845207,0.034008745,0.0,2,1708763006,1,2024-02-24 10:14:45,"2024-02-24 15:40:00","2024-02-24 15:43:00"
jaichand_globalassure,"2024-02-24 15:44:00",2024-02-24,77.3443638,28.6846929,0.12422457,11.165864,2,1708763006,1,2024-02-24 10:14:45,"2024-02-24 15:40:00","2024-02-24 15:44:00"
jaichand_globalassure,"2024-02-24 15:44:22",2024-02-24,77.3444378,28.6849368,0.015948217,0.0,2,1708763006,1,2024-02-24 10:14:45,"2024-02-24 15:40:00","2024-02-24 15:44:00"
jaichand_globalassure,"2024-02-24 15:44:59",2024-02-24,77.343666,28.6855537,0.4041957,0.0,2,1708763006,8,2024-02-24 10:15:26,"2024-02-24 15:40:00","2024-02-24 15:44:00"
jaichand_globalassure,"2024-02-24 15:45:09",2024-02-24,77.3433489,28.6857945,1.0017406,330.17813,1,1708763006,32,2024-02-24 10:15:26,"2024-02-24 15:45:00","2024-02-24 15:45:00"
jaichand_globalassure,"2024-02-24 15:45:57",2024-02-24,77.343776,28.6854831,5.340845,127.03304,1,1708763006,8,2024-02-24 10:20:41,"2024-02-24 15:45:00","2024-02-24 15:45:00"
jaichand_globalassure,"2024-02-24 15:46:07",2024-02-24,77.3433154,28.6857731,2.0247176,304.53568,1,1708763006,8,2024-02-24 10:20:41,"2024-02-24 15:45:00","2024-02-24 15:46:00"
jaichand_globalassure,"2024-02-24 15:46:07",2024-02-24,77.3433154,28.6857731,2.0247176,304.53568,1,1708763006,8,2024-02-24 10:21:21,"2024-02-24 15:45:00","2024-02-24 15:46:00"
jaichand_globalassure,"2024-02-24 15:46:07",2024-02-24,77.3433154,28.6857731,2.0247176,304.53568,1,1708763006,8,2024-02-24 10:22:01,"2024-02-24 15:45:00","2024-02-24 15:46:00"
jaichand_globalassure,"2024-02-24 15:46:07",2024-02-24,77.3433154,28.6857731,2.0247176,304.53568,1,1708763006,8,2024-02-24 10:22:41,"2024-02-24 15:45:00","2024-02-24 15:46:00"
jaichand_globalassure,"2024-02-24 15:46:07",2024-02-24,77.3433154,28.6857731,2.0247176,304.53568,1,1708763006,8,2024-02-24 10:23:21,"2024-02-24 15:45:00","2024-02-24 15:46:00"
jaichand_globalassure,"2024-02-24 15:46:07",2024-02-24,77.3433154,28.6857731,2.0247176,304.53568,1,1708763006,8,2024-02-24 10:24:06,"2024-02-24 15:45:00","2024-02-24 15:46:00"
jaichand_globalassure,"2024-02-24 15:46:07",2024-02-24,77.3433154,28.6857731,2.0247176,304.53568,1,1708763006,8,2024-02-24 10:24:46,"2024-02-24 15:45:00","2024-02-24 15:46:00"
jaichand_globalassure,"2024-02-24 15:46:07",2024-02-24,77.3433154,28.6857731,2.0247176,304.53568,1,1708763006,8,2024-02-24 10:30:16,"2024-02-24 15:45:00","2024-02-24 15:46:00"
jaichand_globalassure,"2024-02-24 15:46:07",2024-02-24,77.3433154,28.6857731,2.0247176,304.53568,1,1708763006,8,2024-02-24 10:33:48,"2024-02-24 15:45:00","2024-02-24 15:46:00"
jaichand_globalassure,"2024-02-24 15:46:07",2024-02-24,77.3433154,28.6857731,2.0247176,304.53568,1,1708763006,8,2024-02-24 10:38:21,"2024-02-24 15:45:00","2024-02-24 15:46:00"
jaichand_globalassure,"2024-02-24 15:46:07",2024-02-24,77.3433154,28.6857731,2.0247176,304.53568,1,1708763006,8,2024-02-24 10:42:41,"2024-02-24 15:45:00","2024-02-24 15:46:00"
jaichand_globalassure,"2024-02-24 15:46:07",2024-02-24,77.3433154,28.6857731,2.0247176,304.53568,1,1708763006,8,2024-02-24 10:47:33,"2024-02-24 15:45:00","2024-02-24 15:46:00"
jaichand_globalassure,"2024-02-24 15:46:07",2024-02-24,77.3433154,28.6857731,2.0247176,304.53568,1,1708763006,8,2024-02-24 10:48:15,"2024-02-24 15:45:00","2024-02-24 15:46:00"
jaichand_globalassure,"2024-02-24 15:46:07",2024-02-24,77.3433154,28.6857731,2.0247176,304.53568,1,1708763006,8,2024-02-24 10:53:21,"2024-02-24 15:45:00","2024-02-24 15:46:00"
jaichand_globalassure,"2024-02-24 16:27:52",2024-02-24,77.343281,28.6856378,0.18837053,184.0912,2,1708763006,8,2024-02-24 10:58:47,"2024-02-24 16:25:00","2024-02-24 16:27:00"
jaichand_globalassure,"2024-02-24 16:27:52",2024-02-24,77.343281,28.6856378,0.18837053,184.0912,2,1708763006,8,2024-02-24 10:59:28,"2024-02-24 16:25:00","2024-02-24 16:27:00"
jaichand_globalassure,"2024-02-24 16:27:52",2024-02-24,77.343281,28.6856378,0.18837053,184.0912,2,1708763006,8,2024-02-24 11:00:08,"2024-02-24 16:25:00","2024-02-24 16:27:00"
jaichand_globalassure,"2024-02-24 16:27:52",2024-02-24,77.343281,28.6856378,0.18837053,184.0912,2,1708763006,8,2024-02-24 11:00:48,"2024-02-24 16:25:00","2024-02-24 16:27:00"
jaichand_globalassure,"2024-02-24 16:35:17",2024-02-24,77.3432809,28.6857796,0.46501553,352.63873,2,1708763006,64,2024-02-24 11:06:08,"2024-02-24 16:35:00","2024-02-24 16:35:00"
jaichand_globalassure,"2024-02-24 16:35:17",2024-02-24,77.3432809,28.6857796,0.46501553,352.63873,2,1708763006,64,2024-02-24 11:10:11,"2024-02-24 16:35:00","2024-02-24 16:35:00"
jaichand_globalassure,"2024-02-24 16:35:17",2024-02-24,77.3432809,28.6857796,0.46501553,352.63873,2,1708763006,32,2024-02-24 11:14:04,"2024-02-24 16:35:00","2024-02-24 16:35:00"
jaichand_globalassure,"2024-02-24 16:35:17",2024-02-24,77.3432809,28.6857796,0.46501553,352.63873,2,1708763006,8,2024-02-24 11:16:59,"2024-02-24 16:35:00","2024-02-24 16:35:00"
jaichand_globalassure,"2024-02-24 16:35:17",2024-02-24,77.3432809,28.6857796,0.46501553,352.63873,2,1708763006,32,2024-02-24 11:20:07,"2024-02-24 16:35:00","2024-02-24 16:35:00"
jaichand_globalassure,"2024-02-24 16:35:17",2024-02-24,77.3432809,28.6857796,0.46501553,352.63873,2,1708763006,32,2024-02-24 11:25:11,"2024-02-24 16:35:00","2024-02-24 16:35:00"
jaichand_globalassure,"2024-02-24 16:35:17",2024-02-24,77.3432809,28.6857796,0.46501553,352.63873,2,1708763006,8,2024-02-24 11:30:17,"2024-02-24 16:35:00","2024-02-24 16:35:00"
jaichand_globalassure,"2024-02-24 16:35:17",2024-02-24,77.3432809,28.6857796,0.46501553,352.63873,2,1708763006,8,2024-02-24 11:30:58,"2024-02-24 16:35:00","2024-02-24 16:35:00"
jaichand_globalassure,"2024-02-24 16:35:17",2024-02-24,77.3432809,28.6857796,0.46501553,352.63873,2,1708763006,8,2024-02-24 11:32:36,"2024-02-24 16:35:00","2024-02-24 16:35:00"
jaichand_globalassure,"2024-02-24 16:35:17",2024-02-24,77.3432809,28.6857796,0.46501553,352.63873,2,1708763006,8,2024-02-24 11:33:20,"2024-02-24 16:35:00","2024-02-24 16:35:00"
jaichand_globalassure,"2024-02-24 16:35:17",2024-02-24,77.3432809,28.6857796,0.46501553,352.63873,2,1708763006,8,2024-02-24 11:38:52,"2024-02-24 16:35:00","2024-02-24 16:35:00"
jaichand_globalassure,"2024-02-24 16:35:17",2024-02-24,77.3432809,28.6857796,0.46501553,352.63873,2,1708763006,8,2024-02-24 11:39:35,"2024-02-24 16:35:00","2024-02-24 16:35:00"
jaichand_globalassure,"2024-02-24 16:35:17",2024-02-24,77.3432809,28.6857796,0.46501553,352.63873,2,1708763006,8,2024-02-24 11:40:15,"2024-02-24 16:35:00","2024-02-24 16:35:00"
jaichand_globalassure,"2024-02-24 16:35:17",2024-02-24,77.3432809,28.6857796,0.46501553,352.63873,2,1708763006,8,2024-02-24 11:40:55,"2024-02-24 16:35:00","2024-02-24 16:35:00"
jaichand_globalassure,"2024-02-24 16:35:17",2024-02-24,77.3432809,28.6857796,0.46501553,352.63873,2,1708763006,8,2024-02-24 11:41:35,"2024-02-24 16:35:00","2024-02-24 16:35:00"
jaichand_globalassure,"2024-02-24 16:35:17",2024-02-24,77.3432809,28.6857796,0.46501553,352.63873,2,1708763006,8,2024-02-24 11:47:08,"2024-02-24 16:35:00","2024-02-24 16:35:00"
jaichand_globalassure,"2024-02-24 16:35:17",2024-02-24,77.3432809,28.6857796,0.46501553,352.63873,2,1708763006,8,2024-02-24 11:52:01,"2024-02-24 16:35:00","2024-02-24 16:35:00"
jaichand_globalassure,"2024-02-24 16:35:17",2024-02-24,77.3432809,28.6857796,0.46501553,352.63873,2,1708763006,32,2024-02-24 11:55:36,"2024-02-24 16:35:00","2024-02-24 16:35:00"
jaichand_globalassure,"2024-02-24 16:35:17",2024-02-24,77.3432809,28.6857796,0.46501553,352.63873,2,1708763006,32,2024-02-24 11:59:17,"2024-02-24 16:35:00","2024-02-24 16:35:00"
jaichand_globalassure,"2024-02-24 17:33:06",2024-02-24,77.3433825,28.6858969,4.103274,358.95944,1,1708763006,8,2024-02-24 12:04:17,"2024-02-24 17:30:00","2024-02-24 17:33:00"
jaichand_globalassure,"2024-02-24 17:33:06",2024-02-24,77.3433825,28.6858969,4.103274,358.95944,1,1708763006,8,2024-02-24 12:07:25,"2024-02-24 17:30:00","2024-02-24 17:33:00"
jaichand_globalassure,"2024-02-24 17:33:06",2024-02-24,77.3433825,28.6858969,4.103274,358.95944,1,1708763006,32,2024-02-24 12:08:07,"2024-02-24 17:30:00","2024-02-24 17:33:00"
jaichand_globalassure,"2024-02-24 17:38:37",2024-02-24,77.342986,28.6861251,5.788803,310.15326,1,1708763006,32,2024-02-24 12:12:04,"2024-02-24 17:35:00","2024-02-24 17:38:00"
jaichand_globalassure,"2024-02-24 17:38:50",2024-02-24,77.3432309,28.6859412,0.89786035,100.89544,2,1708763006,32,2024-02-24 12:12:04,"2024-02-24 17:35:00","2024-02-24 17:38:00"
jaichand_globalassure,"2024-02-24 17:39:01",2024-02-24,77.3435915,28.6858008,3.2999294,112.745125,1,1708763006,32,2024-02-24 12:12:04,"2024-02-24 17:35:00","2024-02-24 17:39:00"
jaichand_globalassure,"2024-02-24 17:40:08",2024-02-24,77.3437721,28.6857396,0.6010751,179.5976,2,1708763006,64,2024-02-24 12:12:04,"2024-02-24 17:40:00","2024-02-24 17:40:00"
jaichand_globalassure,"2024-02-24 17:40:13",2024-02-24,77.3440679,28.6856267,0.4157194,177.41713,2,1708763006,64,2024-02-24 12:12:04,"2024-02-24 17:40:00","2024-02-24 17:40:00"
jaichand_globalassure,"2024-02-24 17:40:18",2024-02-24,77.3437987,28.6857585,0.19951782,294.8608,2,1708763006,64,2024-02-24 12:12:04,"2024-02-24 17:40:00","2024-02-24 17:40:00"
jaichand_globalassure,"2024-02-24 17:40:23",2024-02-24,77.3440737,28.6857372,3.6977022,96.24022,1,1708763006,64,2024-02-24 12:12:04,"2024-02-24 17:40:00","2024-02-24 17:40:00"
jaichand_globalassure,"2024-02-24 17:40:29",2024-02-24,77.3443159,28.6857703,4.1318636,82.30055,1,1708763006,64,2024-02-24 12:12:04,"2024-02-24 17:40:00","2024-02-24 17:40:00"
jaichand_globalassure,"2024-02-24 17:40:33",2024-02-24,77.3444193,28.6859052,3.1502995,55.633133,1,1708763006,64,2024-02-24 12:12:04,"2024-02-24 17:40:00","2024-02-24 17:40:00"
jaichand_globalassure,"2024-02-24 17:40:47",2024-02-24,77.3445755,28.6859775,1.4337678,64.63377,1,1708763006,64,2024-02-24 12:12:04,"2024-02-24 17:40:00","2024-02-24 17:40:00"
jaichand_globalassure,"2024-02-24 17:41:16",2024-02-24,77.3444246,28.6860285,1.1023711,321.78656,1,1708763006,8,2024-02-24 12:12:04,"2024-02-24 17:40:00","2024-02-24 17:41:00"
jaichand_globalassure,"2024-02-24 17:41:52",2024-02-24,77.3443465,28.6859043,1.8220831,232.82594,1,1708763006,8,2024-02-24 12:12:04,"2024-02-24 17:40:00","2024-02-24 17:41:00"
jaichand_globalassure,"2024-02-24 17:42:01",2024-02-24,77.3442091,28.6858157,1.9215494,234.73573,1,1708763006,64,2024-02-24 12:12:04,"2024-02-24 17:40:00","2024-02-24 17:42:00"
jaichand_globalassure,"2024-02-24 17:42:14",2024-02-24,77.3442162,28.6856763,0.54650736,179.57881,2,1708763006,64,2024-02-24 12:17:26,"2024-02-24 17:40:00","2024-02-24 17:42:00"
jaichand_globalassure,"2024-02-24 17:42:34",2024-02-24,77.3441292,28.6855579,1.0379113,213.6244,1,1708763006,64,2024-02-24 12:17:26,"2024-02-24 17:40:00","2024-02-24 17:42:00"
jaichand_globalassure,"2024-02-24 17:42:34",2024-02-24,77.3441292,28.6855579,1.0379113,213.6244,1,1708763006,8,2024-02-24 12:22:13,"2024-02-24 17:40:00","2024-02-24 17:42:00"
jaichand_globalassure,"2024-02-24 17:42:34",2024-02-24,77.3441292,28.6855579,1.0379113,213.6244,1,1708763006,8,2024-02-24 12:23:38,"2024-02-24 17:40:00","2024-02-24 17:42:00"
jaichand_globalassure,"2024-02-24 17:42:34",2024-02-24,77.3441292,28.6855579,1.0379113,213.6244,1,1708763006,8,2024-02-24 12:24:26,"2024-02-24 17:40:00","2024-02-24 17:42:00"
jaichand_globalassure,"2024-02-24 17:42:34",2024-02-24,77.3441292,28.6855579,1.0379113,213.6244,1,1708763006,8,2024-02-24 12:25:08,"2024-02-24 17:40:00","2024-02-24 17:42:00"
jaichand_globalassure,"2024-02-24 17:42:34",2024-02-24,77.3441292,28.6855579,1.0379113,213.6244,1,1708763006,8,2024-02-24 12:25:48,"2024-02-24 17:40:00","2024-02-24 17:42:00"
jaichand_globalassure,"2024-02-24 17:42:34",2024-02-24,77.3441292,28.6855579,1.0379113,213.6244,1,1708763006,1,2024-02-24 12:26:28,"2024-02-24 17:40:00","2024-02-24 17:42:00"
jaichand_globalassure,"2024-02-24 17:42:34",2024-02-24,77.3441292,28.6855579,1.0379113,213.6244,1,1708763006,8,2024-02-24 12:27:08,"2024-02-24 17:40:00","2024-02-24 17:42:00"
jaichand_globalassure,"2024-02-24 17:42:34",2024-02-24,77.3441292,28.6855579,1.0379113,213.6244,1,1708763006,8,2024-02-24 12:27:48,"2024-02-24 17:40:00","2024-02-24 17:42:00"
jaichand_globalassure,"2024-02-24 17:42:34",2024-02-24,77.3441292,28.6855579,1.0379113,213.6244,1,1708763006,8,2024-02-24 12:28:29,"2024-02-24 17:40:00","2024-02-24 17:42:00"
jaichand_globalassure,"2024-02-24 17:42:34",2024-02-24,77.3441292,28.6855579,1.0379113,213.6244,1,1708763006,8,2024-02-24 12:29:08,"2024-02-24 17:40:00","2024-02-24 17:42:00"
jaichand_globalassure,"2024-02-24 17:42:34",2024-02-24,77.3441292,28.6855579,1.0379113,213.6244,1,1708763006,8,2024-02-24 12:29:48,"2024-02-24 17:40:00","2024-02-24 17:42:00"
jaichand_globalassure,"2024-02-24 17:42:34",2024-02-24,77.3441292,28.6855579,1.0379113,213.6244,1,1708763006,8,2024-02-24 12:30:29,"2024-02-24 17:40:00","2024-02-24 17:42:00"
jaichand_globalassure,"2024-02-24 17:42:34",2024-02-24,77.3441292,28.6855579,1.0379113,213.6244,1,1708763006,8,2024-02-24 12:31:09,"2024-02-24 17:40:00","2024-02-24 17:42:00"
jaichand_globalassure,"2024-02-24 17:42:34",2024-02-24,77.3441292,28.6855579,1.0379113,213.6244,1,1708763006,8,2024-02-24 12:31:49,"2024-02-24 17:40:00","2024-02-24 17:42:00"
jaichand_globalassure,"2024-02-24 17:42:34",2024-02-24,77.3441292,28.6855579,1.0379113,213.6244,1,1708763006,8,2024-02-24 12:32:29,"2024-02-24 17:40:00","2024-02-24 17:42:00"
jaichand_globalassure,"2024-02-24 17:42:34",2024-02-24,77.3441292,28.6855579,1.0379113,213.6244,1,1708763006,8,2024-02-24 12:33:09,"2024-02-24 17:40:00","2024-02-24 17:42:00"
jaichand_globalassure,"2024-02-24 17:42:34",2024-02-24,77.3441292,28.6855579,1.0379113,213.6244,1,1708763006,8,2024-02-24 12:33:50,"2024-02-24 17:40:00","2024-02-24 17:42:00"
jaichand_globalassure,"2024-02-24 17:42:34",2024-02-24,77.3441292,28.6855579,1.0379113,213.6244,1,1708763006,8,2024-02-24 12:38:57,"2024-02-24 17:40:00","2024-02-24 17:42:00"
jaichand_globalassure,"2024-02-24 17:42:34",2024-02-24,77.3441292,28.6855579,1.0379113,213.6244,1,1708763006,8,2024-02-24 12:39:40,"2024-02-24 17:40:00","2024-02-24 17:42:00"
jaichand_globalassure,"2024-02-24 17:42:34",2024-02-24,77.3441292,28.6855579,1.0379113,213.6244,1,1708763006,8,2024-02-24 12:40:19,"2024-02-24 17:40:00","2024-02-24 17:42:00"
jaichand_globalassure,"2024-02-24 17:42:34",2024-02-24,77.3441292,28.6855579,1.0379113,213.6244,1,1708763006,8,2024-02-24 12:45:54,"2024-02-24 17:40:00","2024-02-24 17:42:00"
jaichand_globalassure,"2024-02-24 17:42:34",2024-02-24,77.3441292,28.6855579,1.0379113,213.6244,1,1708763006,8,2024-02-24 12:51:01,"2024-02-24 17:40:00","2024-02-24 17:42:00"
jaichand_globalassure,"2024-02-24 17:42:34",2024-02-24,77.3441292,28.6855579,1.0379113,213.6244,1,1708763006,8,2024-02-24 12:51:45,"2024-02-24 17:40:00","2024-02-24 17:42:00"
jaichand_globalassure,"2024-02-24 17:42:34",2024-02-24,77.3441292,28.6855579,1.0379113,213.6244,1,1708763006,8,2024-02-24 12:53:27,"2024-02-24 17:40:00","2024-02-24 17:42:00"
jaichand_globalassure,"2024-02-24 18:23:58",2024-02-24,77.3440641,28.6854106,0.9455746,205.62965,2,1708763006,64,2024-02-24 12:54:07,"2024-02-24 18:20:00","2024-02-24 18:23:00"
jaichand_globalassure,"2024-02-24 18:23:58",2024-02-24,77.3440641,28.6854106,0.9455746,205.62965,2,1708763006,8,2024-02-24 12:57:38,"2024-02-24 18:20:00","2024-02-24 18:23:00"
jaichand_globalassure,"2024-02-24 18:28:20",2024-02-24,77.3441736,28.6855172,2.2860224,67.93213,1,1708763006,32,2024-02-24 12:58:33,"2024-02-24 18:25:00","2024-02-24 18:28:00"
jaichand_globalassure,"2024-02-24 18:28:20",2024-02-24,77.3441736,28.6855172,2.2860224,67.93213,1,1708763006,8,2024-02-24 12:59:13,"2024-02-24 18:25:00","2024-02-24 18:28:00"
jaichand_globalassure,"2024-02-24 18:28:20",2024-02-24,77.3441736,28.6855172,2.2860224,67.93213,1,1708763006,8,2024-02-24 12:59:53,"2024-02-24 18:25:00","2024-02-24 18:28:00"
jaichand_globalassure,"2024-02-24 18:28:20",2024-02-24,77.3441736,28.6855172,2.2860224,67.93213,1,1708763006,8,2024-02-24 13:00:34,"2024-02-24 18:25:00","2024-02-24 18:28:00"
jaichand_globalassure,"2024-02-24 18:28:20",2024-02-24,77.3441736,28.6855172,2.2860224,67.93213,1,1708763006,8,2024-02-24 13:01:14,"2024-02-24 18:25:00","2024-02-24 18:28:00"
jaichand_globalassure,"2024-02-24 18:28:20",2024-02-24,77.3441736,28.6855172,2.2860224,67.93213,1,1708763006,8,2024-02-24 13:01:54,"2024-02-24 18:25:00","2024-02-24 18:28:00"
jaichand_globalassure,"2024-02-24 18:35:21",2024-02-24,77.3445823,28.685416,6.543192,99.76957,1,1708763006,8,2024-02-24 13:07:30,"2024-02-24 18:35:00","2024-02-24 18:35:00"
jaichand_globalassure,"2024-02-24 18:35:35",2024-02-24,77.3454523,28.6852889,8.484814,100.71419,1,1708763006,8,2024-02-24 13:07:30,"2024-02-24 18:35:00","2024-02-24 18:35:00"
jaichand_globalassure,"2024-02-24 18:35:48",2024-02-24,77.3441683,28.6854971,23.611464,280.58652,1,1708763006,8,2024-02-24 13:07:30,"2024-02-24 18:35:00","2024-02-24 18:35:00"
jaichand_globalassure,"2024-02-24 18:36:04",2024-02-24,77.344428,28.685361,3.388761,115.15191,1,1708763006,8,2024-02-24 13:07:30,"2024-02-24 18:35:00","2024-02-24 18:36:00"
jaichand_globalassure,"2024-02-24 18:36:14",2024-02-24,77.3442686,28.6855015,0.9898655,329.58807,2,1708763006,8,2024-02-24 13:07:30,"2024-02-24 18:35:00","2024-02-24 18:36:00"
jaichand_globalassure,"2024-02-24 18:36:37",2024-02-24,77.3452202,28.6854216,40.246838,94.14014,1,1708763006,8,2024-02-24 13:07:31,"2024-02-24 18:35:00","2024-02-24 18:36:00"
jaichand_globalassure,"2024-02-24 18:36:59",2024-02-24,77.3443481,28.6855747,14.405142,281.0395,1,1708763006,8,2024-02-24 13:07:31,"2024-02-24 18:35:00","2024-02-24 18:36:00"
jaichand_globalassure,"2024-02-24 18:37:15",2024-02-24,77.3446016,28.6856688,3.159189,70.77699,1,1708763006,8,2024-02-24 13:07:31,"2024-02-24 18:35:00","2024-02-24 18:37:00"
jaichand_globalassure,"2024-02-24 18:37:20",2024-02-24,77.3441464,28.6855008,7.22382,247.05211,1,1708763006,8,2024-02-24 13:07:31,"2024-02-24 18:35:00","2024-02-24 18:37:00"
jaichand_globalassure,"2024-02-24 18:37:43",2024-02-24,77.3443488,28.685507,2.8195283,92.09527,1,1708763006,8,2024-02-24 13:10:33,"2024-02-24 18:35:00","2024-02-24 18:37:00"
jaichand_globalassure,"2024-02-24 18:37:55",2024-02-24,77.3451353,28.6854749,6.750466,91.53377,1,1708763006,8,2024-02-24 13:10:33,"2024-02-24 18:35:00","2024-02-24 18:37:00"
jaichand_globalassure,"2024-02-24 18:38:10",2024-02-24,77.3441221,28.6854804,13.292546,270.1892,1,1708763006,8,2024-02-24 13:10:33,"2024-02-24 18:35:00","2024-02-24 18:38:00"
jaichand_globalassure,"2024-02-24 18:38:24",2024-02-24,77.3443264,28.6849659,5.862537,159.24356,1,1708763006,8,2024-02-24 13:10:33,"2024-02-24 18:35:00","2024-02-24 18:38:00"
jaichand_globalassure,"2024-02-24 18:38:35",2024-02-24,77.3446102,28.6845886,4.320685,149.05722,1,1708763006,8,2024-02-24 13:10:33,"2024-02-24 18:35:00","2024-02-24 18:38:00"
jaichand_globalassure,"2024-02-24 18:38:42",2024-02-24,77.3441686,28.6854252,12.294651,335.65475,1,1708763006,8,2024-02-24 13:10:33,"2024-02-24 18:35:00","2024-02-24 18:38:00"
jaichand_globalassure,"2024-02-24 18:38:42",2024-02-24,77.3441686,28.6854252,12.294651,335.65475,1,1708763006,32,2024-02-24 13:11:19,"2024-02-24 18:35:00","2024-02-24 18:38:00"
jaichand_globalassure,"2024-02-24 18:38:42",2024-02-24,77.3441686,28.6854252,12.294651,335.65475,1,1708763006,8,2024-02-24 13:12:00,"2024-02-24 18:35:00","2024-02-24 18:38:00"
jaichand_globalassure,"2024-02-24 18:38:42",2024-02-24,77.3441686,28.6854252,12.294651,335.65475,1,1708763006,8,2024-02-24 13:17:24,"2024-02-24 18:35:00","2024-02-24 18:38:00"
jaichand_globalassure,"2024-02-24 18:38:42",2024-02-24,77.3441686,28.6854252,12.294651,335.65475,1,1708763006,8,2024-02-24 13:18:05,"2024-02-24 18:35:00","2024-02-24 18:38:00"
jaichand_globalassure,"2024-02-24 18:38:42",2024-02-24,77.3441686,28.6854252,12.294651,335.65475,1,1708763006,8,2024-02-24 13:18:45,"2024-02-24 18:35:00","2024-02-24 18:38:00"
jaichand_globalassure,"2024-02-24 18:38:42",2024-02-24,77.3441686,28.6854252,12.294651,335.65475,1,1708763006,8,2024-02-24 13:19:26,"2024-02-24 18:35:00","2024-02-24 18:38:00"
jaichand_globalassure,"2024-02-24 18:38:42",2024-02-24,77.3441686,28.6854252,12.294651,335.65475,1,1708763006,8,2024-02-24 13:20:06,"2024-02-24 18:35:00","2024-02-24 18:38:00"
jaichand_globalassure,"2024-02-24 18:38:42",2024-02-24,77.3441686,28.6854252,12.294651,335.65475,1,1708763006,32,2024-02-24 13:25:08,"2024-02-24 18:35:00","2024-02-24 18:38:00"
jaichand_globalassure,"2024-02-24 18:38:42",2024-02-24,77.3441686,28.6854252,12.294651,335.65475,1,1708763006,8,2024-02-24 13:28:23,"2024-02-24 18:35:00","2024-02-24 18:38:00"
jaichand_globalassure,"2024-02-24 18:38:42",2024-02-24,77.3441686,28.6854252,12.294651,335.65475,1,1708763006,8,2024-02-24 13:29:11,"2024-02-24 18:35:00","2024-02-24 18:38:00"
jaichand_globalassure,"2024-02-24 18:38:42",2024-02-24,77.3441686,28.6854252,12.294651,335.65475,1,1708763006,8,2024-02-24 13:34:19,"2024-02-24 18:35:00","2024-02-24 18:38:00"
jaichand_globalassure,"2024-02-24 19:07:45",2024-02-24,77.3441491,28.6856247,0.9462359,6.7315025,2,1708763006,8,2024-02-24 13:38:29,"2024-02-24 19:05:00","2024-02-24 19:07:00"
jaichand_globalassure,"2024-02-24 19:08:23",2024-02-24,77.3443291,28.6855805,2.8487773,322.06107,1,1708763006,8,2024-02-24 13:38:29,"2024-02-24 19:05:00","2024-02-24 19:08:00"
jaichand_globalassure,"2024-02-24 19:08:47",2024-02-24,77.3445709,28.6860214,0.024282128,0.0,2,1708763006,8,2024-02-24 13:39:23,"2024-02-24 19:05:00","2024-02-24 19:08:00"
jaichand_globalassure,"2024-02-24 19:09:23",2024-02-24,77.3441736,28.6854924,0.06861579,0.0,2,1708763006,8,2024-02-24 13:44:55,"2024-02-24 19:05:00","2024-02-24 19:09:00"
jaichand_globalassure,"2024-02-24 19:09:36",2024-02-24,77.3445717,28.6856689,0.57992935,0,2,1708763006,8,2024-02-24 13:44:55,"2024-02-24 19:05:00","2024-02-24 19:09:00"
jaichand_globalassure,"2024-02-24 19:09:48",2024-02-24,77.3441958,28.6854,2.331419,195.90431,1,1708763006,32,2024-02-24 13:44:55,"2024-02-24 19:05:00","2024-02-24 19:09:00"
jaichand_globalassure,"2024-02-24 19:09:57",2024-02-24,77.3441007,28.6852429,3.7776217,211.05981,1,1708763006,32,2024-02-24 13:44:55,"2024-02-24 19:05:00","2024-02-24 19:09:00"
jaichand_globalassure,"2024-02-24 19:10:07",2024-02-24,77.3440751,28.6857353,0.9033571,0.0,2,1708763006,32,2024-02-24 13:44:55,"2024-02-24 19:10:00","2024-02-24 19:10:00"
jaichand_globalassure,"2024-02-24 19:10:17",2024-02-24,77.3442835,28.6856673,0.57976073,28.090895,2,1708763006,32,2024-02-24 13:44:55,"2024-02-24 19:10:00","2024-02-24 19:10:00"
jaichand_globalassure,"2024-02-24 19:10:35",2024-02-24,77.3441288,28.6855636,1.3507433,61.678642,1,1708763006,32,2024-02-24 13:44:55,"2024-02-24 19:10:00","2024-02-24 19:10:00"
jaichand_globalassure,"2024-02-24 19:10:48",2024-02-24,77.3463467,28.6841117,0.0,0.0,2,1708763006,32,2024-02-24 13:44:55,"2024-02-24 19:10:00","2024-02-24 19:10:00"
jaichand_globalassure,"2024-02-24 19:11:00",2024-02-24,77.3441485,28.685573,0.0,118.83843,2,1708763006,32,2024-02-24 13:44:55,"2024-02-24 19:10:00","2024-02-24 19:11:00"
jaichand_globalassure,"2024-02-24 19:12:17",2024-02-24,77.3444884,28.685773,1.3622744,0.00007527,1,1708763006,64,2024-02-24 13:44:55,"2024-02-24 19:10:00","2024-02-24 19:12:00"
jaichand_globalassure,"2024-02-24 19:12:29",2024-02-24,77.3443333,28.6855487,3.0803137,180.0,1,1708763006,8,2024-02-24 13:44:55,"2024-02-24 19:10:00","2024-02-24 19:12:00"
jaichand_globalassure,"2024-02-24 19:12:58",2024-02-24,77.3441359,28.685709,1.8008509,298.87332,1,1708763006,32,2024-02-24 13:44:55,"2024-02-24 19:10:00","2024-02-24 19:12:00"
jaichand_globalassure,"2024-02-24 19:13:13",2024-02-24,77.3451075,28.6855286,14.839162,101.067604,1,1708763006,32,2024-02-24 13:44:55,"2024-02-24 19:10:00","2024-02-24 19:13:00"
jaichand_globalassure,"2024-02-24 19:13:28",2024-02-24,77.3444402,28.6854518,2.3157024,257.10724,1,1708763006,32,2024-02-24 13:44:55,"2024-02-24 19:10:00","2024-02-24 19:13:00"
jaichand_globalassure,"2024-02-24 19:13:37",2024-02-24,77.3443513,28.6853199,0.4351409,180.00038,2,1708763006,32,2024-02-24 13:44:55,"2024-02-24 19:10:00","2024-02-24 19:13:00"
jaichand_globalassure,"2024-02-24 19:13:47",2024-02-24,77.3442603,28.685129,1.781587,205.50279,1,1708763006,32,2024-02-24 13:44:55,"2024-02-24 19:10:00","2024-02-24 19:13:00"
jaichand_globalassure,"2024-02-24 19:13:52",2024-02-24,77.3442419,28.6846327,2.2120647,180.00002,1,1708763006,32,2024-02-24 13:44:55,"2024-02-24 19:10:00","2024-02-24 19:13:00"
jaichand_globalassure,"2024-02-24 19:14:08",2024-02-24,77.3442565,28.6850032,2.3215194,0.00000195,1,1708763006,32,2024-02-24 13:44:55,"2024-02-24 19:10:00","2024-02-24 19:14:00"
jaichand_globalassure,"2024-02-24 19:14:21",2024-02-24,77.3451381,28.6849611,0.29208642,179.99905,2,1708763006,8,2024-02-24 13:44:55,"2024-02-24 19:10:00","2024-02-24 19:14:00"
jaichand_globalassure,"2024-02-24 19:14:47",2024-02-24,77.3442704,28.6850565,0.010581981,0.0,2,1708763006,8,2024-02-24 13:44:55,"2024-02-24 19:10:00","2024-02-24 19:14:00"
jaichand_globalassure,"2024-02-24 19:15:00",2024-02-24,77.3444296,28.6850096,0.3310735,180.0,2,1708763006,8,2024-02-24 13:45:58,"2024-02-24 19:15:00","2024-02-24 19:15:00"
jaichand_globalassure,"2024-02-24 19:15:15",2024-02-24,77.3449423,28.6854214,0.09710022,0.0,2,1708763006,8,2024-02-24 13:45:58,"2024-02-24 19:15:00","2024-02-24 19:15:00"
jaichand_globalassure,"2024-02-24 19:15:31",2024-02-24,77.3436806,28.6846818,0.9371794,180.00046,2,1708763006,8,2024-02-24 13:45:58,"2024-02-24 19:15:00","2024-02-24 19:15:00"
jaichand_globalassure,"2024-02-24 19:15:45",2024-02-24,77.3441271,28.6854929,0.749391,0,2,1708763006,8,2024-02-24 13:45:58,"2024-02-24 19:15:00","2024-02-24 19:15:00"
jaichand_globalassure,"2024-02-24 19:16:00",2024-02-24,77.3444261,28.6854509,0.19603696,180.0,2,1708763006,8,2024-02-24 13:46:38,"2024-02-24 19:15:00","2024-02-24 19:16:00"
jaichand_globalassure,"2024-02-24 19:16:14",2024-02-24,77.3446592,28.6859364,0.52813596,0,2,1708763006,8,2024-02-24 13:46:38,"2024-02-24 19:15:00","2024-02-24 19:16:00"
jaichand_globalassure,"2024-02-24 19:16:29",2024-02-24,77.3442817,28.6855233,0.0,0.0,2,1708763006,8,2024-02-24 13:46:38,"2024-02-24 19:15:00","2024-02-24 19:16:00"
jaichand_globalassure,"2024-02-24 19:16:48",2024-02-24,77.3442753,28.685387,1.1494241,179.99998,1,1708763006,32,2024-02-24 13:51:51,"2024-02-24 19:15:00","2024-02-24 19:16:00"
jaichand_globalassure,"2024-02-24 19:17:07",2024-02-24,77.3442282,28.6855188,0.5013914,46.312862,2,1708763006,32,2024-02-24 13:51:51,"2024-02-24 19:15:00","2024-02-24 19:17:00"
jaichand_globalassure,"2024-02-24 19:17:27",2024-02-24,77.344606,28.6868376,16.019533,0.00001186,1,1708763006,32,2024-02-24 13:51:51,"2024-02-24 19:15:00","2024-02-24 19:17:00"
jaichand_globalassure,"2024-02-24 19:17:32",2024-02-24,77.3444584,28.6859816,2.0483756,180.32222,1,1708763006,64,2024-02-24 13:51:51,"2024-02-24 19:15:00","2024-02-24 19:17:00"
jaichand_globalassure,"2024-02-24 19:17:37",2024-02-24,77.3444117,28.6856931,3.6990614,183.42596,1,1708763006,32,2024-02-24 13:51:51,"2024-02-24 19:15:00","2024-02-24 19:17:00"
jaichand_globalassure,"2024-02-24 19:17:44",2024-02-24,77.3445092,28.6855803,1.3995867,107.81349,1,1708763006,64,2024-02-24 13:51:51,"2024-02-24 19:15:00","2024-02-24 19:17:00"
jaichand_globalassure,"2024-02-24 19:17:51",2024-02-24,77.3439173,28.6863635,2.1258445,330.7974,1,1708763006,32,2024-02-24 13:51:51,"2024-02-24 19:15:00","2024-02-24 19:17:00"
jaichand_globalassure,"2024-02-24 19:17:57",2024-02-24,77.3441253,28.6861229,3.0134194,141.39467,1,1708763006,32,2024-02-24 13:51:51,"2024-02-24 19:15:00","2024-02-24 19:17:00"
jaichand_globalassure,"2024-02-24 19:18:09",2024-02-24,77.3445649,28.6855265,2.4733279,154.67459,1,1708763006,32,2024-02-24 13:51:51,"2024-02-24 19:15:00","2024-02-24 19:18:00"
jaichand_globalassure,"2024-02-24 19:18:16",2024-02-24,77.3443438,28.6855792,0.1274915,180.00015,2,1708763006,32,2024-02-24 13:51:51,"2024-02-24 19:15:00","2024-02-24 19:18:00"
jaichand_globalassure,"2024-02-24 19:18:29",2024-02-24,77.3445146,28.6855108,5.873428,115.136185,1,1708763006,1,2024-02-24 13:51:51,"2024-02-24 19:15:00","2024-02-24 19:18:00"
jaichand_globalassure,"2024-02-24 19:18:38",2024-02-24,77.3447499,28.685154,0.06682683,0.0,2,1708763006,1,2024-02-24 13:51:51,"2024-02-24 19:15:00","2024-02-24 19:18:00"
jaichand_globalassure,"2024-02-24 19:18:49",2024-02-24,77.3455763,28.6851304,11.652038,91.9137,1,1708763006,1,2024-02-24 13:51:51,"2024-02-24 19:15:00","2024-02-24 19:18:00"
jaichand_globalassure,"2024-02-24 19:18:58",2024-02-24,77.3454827,28.6853299,0.84598434,0.00002216,2,1708763006,1,2024-02-24 13:51:51,"2024-02-24 19:15:00","2024-02-24 19:18:00"
jaichand_globalassure,"2024-02-24 19:19:21",2024-02-24,77.3466367,28.684735,0.0,0.0,2,1708763006,1,2024-02-24 13:51:51,"2024-02-24 19:15:00","2024-02-24 19:19:00"
jaichand_globalassure,"2024-02-24 19:19:37",2024-02-24,77.3462167,28.6851983,0.0,0.0,2,1708763006,1,2024-02-24 13:51:51,"2024-02-24 19:15:00","2024-02-24 19:19:00"
jaichand_globalassure,"2024-02-24 19:19:56",2024-02-24,77.35044,28.68466,0.0,0.0,2,1708763006,1,2024-02-24 13:51:51,"2024-02-24 19:15:00","2024-02-24 19:19:00"
jaichand_globalassure,"2024-02-24 19:20:13",2024-02-24,77.3521172,28.6840602,16.787268,111.561005,1,1708763006,1,2024-02-24 13:51:51,"2024-02-24 19:20:00","2024-02-24 19:20:00"
jaichand_globalassure,"2024-02-24 19:20:22",2024-02-24,77.3509328,28.6849336,4.831683,359.99997,1,1708763006,1,2024-02-24 13:51:51,"2024-02-24 19:20:00","2024-02-24 19:20:00"
jaichand_globalassure,"2024-02-24 19:20:32",2024-02-24,77.3519822,28.6841442,9.356585,114.826164,1,1708763006,1,2024-02-24 13:51:51,"2024-02-24 19:20:00","2024-02-24 19:20:00"
jaichand_globalassure,"2024-02-24 19:20:43",2024-02-24,77.3519235,28.6850724,3.6516273,0.00000972,1,1708763006,1,2024-02-24 13:51:51,"2024-02-24 19:20:00","2024-02-24 19:20:00"
jaichand_globalassure,"2024-02-24 19:20:53",2024-02-24,77.3548739,28.6840469,0.0,0.0,2,1708763006,1,2024-02-24 13:51:51,"2024-02-24 19:20:00","2024-02-24 19:20:00"
jaichand_globalassure,"2024-02-24 19:21:01",2024-02-24,77.3528763,28.6845585,0.31451347,359.99997,2,1708763006,1,2024-02-24 13:51:51,"2024-02-24 19:20:00","2024-02-24 19:21:00"
jaichand_globalassure,"2024-02-24 19:21:12",2024-02-24,77.3560753,28.6841793,0.0,0.0,2,1708763006,1,2024-02-24 13:51:51,"2024-02-24 19:20:00","2024-02-24 19:21:00"
jaichand_globalassure,"2024-02-24 19:21:22",2024-02-24,77.3551991,28.6849437,0.786984,0.0,2,1708763006,1,2024-02-24 13:51:51,"2024-02-24 19:20:00","2024-02-24 19:21:00"
jaichand_globalassure,"2024-02-24 19:21:32",2024-02-24,77.3573994,28.6844514,22.031351,103.613235,1,1708763006,1,2024-02-24 13:51:51,"2024-02-24 19:20:00","2024-02-24 19:21:00"
jaichand_globalassure,"2024-02-24 19:21:43",2024-02-24,77.3570944,28.684573,0.24453565,179.99997,2,1708763006,1,2024-02-24 13:51:51,"2024-02-24 19:20:00","2024-02-24 19:21:00"
jaichand_globalassure,"2024-02-24 19:21:48",2024-02-24,77.3572893,28.6845048,0.39457706,179.9999,2,1708763006,1,2024-02-24 13:51:51,"2024-02-24 19:20:00","2024-02-24 19:21:00"
jaichand_globalassure,"2024-02-24 19:22:20",2024-02-24,77.3579304,28.684118,0.31596938,180.0,2,1708763006,1,2024-02-24 13:53:45,"2024-02-24 19:20:00","2024-02-24 19:22:00"
jaichand_globalassure,"2024-02-24 19:22:29",2024-02-24,77.3581142,28.6840988,0.039671443,0.0,2,1708763006,1,2024-02-24 13:53:45,"2024-02-24 19:20:00","2024-02-24 19:22:00"
jaichand_globalassure,"2024-02-24 19:22:39",2024-02-24,77.3584395,28.6829819,2.9324868,180.0,1,1708763006,1,2024-02-24 13:53:45,"2024-02-24 19:20:00","2024-02-24 19:22:00"
jaichand_globalassure,"2024-02-24 19:22:51",2024-02-24,77.3587905,28.6821386,8.105448,160.77295,1,1708763006,1,2024-02-24 13:53:45,"2024-02-24 19:20:00","2024-02-24 19:22:00"
jaichand_globalassure,"2024-02-24 19:23:01",2024-02-24,77.3587943,28.6819689,2.052073,179.99992,1,1708763006,1,2024-02-24 13:53:45,"2024-02-24 19:20:00","2024-02-24 19:23:00"
jaichand_globalassure,"2024-02-24 19:23:09",2024-02-24,77.3588698,28.6817757,0.098777704,0.0,2,1708763006,1,2024-02-24 13:53:45,"2024-02-24 19:20:00","2024-02-24 19:23:00"
jaichand_globalassure,"2024-02-24 19:23:21",2024-02-24,77.359068,28.6817519,1.8323625,97.2072,1,1708763006,1,2024-02-24 13:53:45,"2024-02-24 19:20:00","2024-02-24 19:23:00"
jaichand_globalassure,"2024-02-24 19:23:31",2024-02-24,77.3590585,28.6815593,0.08794422,0.0,2,1708763006,1,2024-02-24 13:53:45,"2024-02-24 19:20:00","2024-02-24 19:23:00"
jaichand_globalassure,"2024-02-24 19:24:01",2024-02-24,77.3596609,28.6813578,0.058927316,0.0,2,1708763006,1,2024-02-24 13:59:26,"2024-02-24 19:20:00","2024-02-24 19:24:00"
jaichand_globalassure,"2024-02-24 19:24:11",2024-02-24,77.3591623,28.6815625,7.8661537,295.1102,1,1708763006,1,2024-02-24 13:59:26,"2024-02-24 19:20:00","2024-02-24 19:24:00"
jaichand_globalassure,"2024-02-24 19:24:31",2024-02-24,77.3592763,28.6812208,2.1897151,160.84291,1,1708763006,1,2024-02-24 13:59:26,"2024-02-24 19:20:00","2024-02-24 19:24:00"
jaichand_globalassure,"2024-02-24 19:24:41",2024-02-24,77.3593356,28.6810684,0.45958915,179.99998,2,1708763006,1,2024-02-24 13:59:26,"2024-02-24 19:20:00","2024-02-24 19:24:00"
jaichand_globalassure,"2024-02-24 19:24:50",2024-02-24,77.359492,28.6799818,2.4968636,178.52644,1,1708763006,1,2024-02-24 13:59:26,"2024-02-24 19:20:00","2024-02-24 19:24:00"
jaichand_globalassure,"2024-02-24 19:25:31",2024-02-24,77.3594167,28.6801517,1.468481,300.11285,1,1708763006,1,2024-02-24 13:59:26,"2024-02-24 19:25:00","2024-02-24 19:25:00"
jaichand_globalassure,"2024-02-24 19:25:51",2024-02-24,77.3596598,28.6799985,2.7577434,114.26404,1,1708763006,8,2024-02-24 13:59:26,"2024-02-24 19:25:00","2024-02-24 19:25:00"
jaichand_globalassure,"2024-02-24 19:26:01",2024-02-24,77.3593883,28.680109,0.10752313,359.99973,2,1708763006,32,2024-02-24 13:59:26,"2024-02-24 19:25:00","2024-02-24 19:26:00"
jaichand_globalassure,"2024-02-24 19:26:36",2024-02-24,77.3595108,28.6800188,0.57000357,199.33029,2,1708763006,8,2024-02-24 13:59:26,"2024-02-24 19:25:00","2024-02-24 19:26:00"
jaichand_globalassure,"2024-02-24 19:27:01",2024-02-24,77.359619,28.6798262,0.91098386,155.42831,2,1708763006,32,2024-02-24 13:59:26,"2024-02-24 19:25:00","2024-02-24 19:27:00"
jaichand_globalassure,"2024-02-24 19:27:11",2024-02-24,77.3598399,28.6799347,0.08060365,0.0,2,1708763006,32,2024-02-24 13:59:26,"2024-02-24 19:25:00","2024-02-24 19:27:00"
jaichand_globalassure,"2024-02-24 19:27:21",2024-02-24,77.3597644,28.6797326,2.2680252,198.51915,1,1708763006,32,2024-02-24 13:59:26,"2024-02-24 19:25:00","2024-02-24 19:27:00"
jaichand_globalassure,"2024-02-24 19:27:36",2024-02-24,77.3599824,28.6797515,5.036646,179.04758,1,1708763006,32,2024-02-24 13:59:26,"2024-02-24 19:25:00","2024-02-24 19:27:00"
jaichand_globalassure,"2024-02-24 19:27:51",2024-02-24,77.3599662,28.6786597,11.917035,181.01392,1,1708763006,32,2024-02-24 13:59:26,"2024-02-24 19:25:00","2024-02-24 19:27:00"
jaichand_globalassure,"2024-02-24 19:27:58",2024-02-24,77.3599599,28.6785222,2.7207375,180.0,1,1708763006,32,2024-02-24 13:59:26,"2024-02-24 19:25:00","2024-02-24 19:27:00"
jaichand_globalassure,"2024-02-24 19:28:10",2024-02-24,77.3606738,28.6783318,7.682972,123.450264,1,1708763006,1,2024-02-24 13:59:26,"2024-02-24 19:25:00","2024-02-24 19:28:00"
jaichand_globalassure,"2024-02-24 19:28:16",2024-02-24,77.3608824,28.6783325,0.21539615,0.00000002,2,1708763006,1,2024-02-24 13:59:26,"2024-02-24 19:25:00","2024-02-24 19:28:00"
jaichand_globalassure,"2024-02-24 19:28:31",2024-02-24,77.3635092,28.6782908,0.0,0.0,2,1708763006,1,2024-02-24 13:59:26,"2024-02-24 19:25:00","2024-02-24 19:28:00"
jaichand_globalassure,"2024-02-24 19:28:41",2024-02-24,77.3616749,28.6778328,0.025456367,0.0,2,1708763006,1,2024-02-24 13:59:26,"2024-02-24 19:25:00","2024-02-24 19:28:00"
jaichand_globalassure,"2024-02-24 19:28:50",2024-02-24,77.3643225,28.678206,0.0,0.0,2,1708763006,1,2024-02-24 13:59:26,"2024-02-24 19:25:00","2024-02-24 19:28:00"
jaichand_globalassure,"2024-02-24 19:29:01",2024-02-24,77.3637505,28.6784487,0.7720273,179.99986,2,1708763006,1,2024-02-24 13:59:26,"2024-02-24 19:25:00","2024-02-24 19:29:00"
jaichand_globalassure,"2024-02-24 19:29:11",2024-02-24,77.3656302,28.6781695,2.1069822,180.0,1,1708763006,1,2024-02-24 13:59:26,"2024-02-24 19:25:00","2024-02-24 19:29:00"
jaichand_globalassure,"2024-02-24 19:29:32",2024-02-24,77.3659356,28.6782724,0.7443412,0.00004328,2,1708763006,32,2024-02-24 14:00:07,"2024-02-24 19:25:00","2024-02-24 19:29:00"
jaichand_globalassure,"2024-02-24 19:29:52",2024-02-24,77.3704924,28.6778674,0.0,0.0,2,1708763006,32,2024-02-24 14:00:07,"2024-02-24 19:25:00","2024-02-24 19:29:00"
jaichand_globalassure,"2024-02-24 19:30:02",2024-02-24,77.3705336,28.6780846,0.84824026,9.444064,2,1708763006,32,2024-02-24 14:00:07,"2024-02-24 19:30:00","2024-02-24 19:30:00"
jaichand_globalassure,"2024-02-24 19:30:12",2024-02-24,77.3704989,28.6782961,5.009019,347.32715,1,1708763006,1,2024-02-24 14:05:09,"2024-02-24 19:30:00","2024-02-24 19:30:00"
jaichand_globalassure,"2024-02-24 19:30:22",2024-02-24,77.3710583,28.6784414,0.6139059,0.00000169,2,1708763006,1,2024-02-24 14:05:09,"2024-02-24 19:30:00","2024-02-24 19:30:00"
jaichand_globalassure,"2024-02-24 19:30:32",2024-02-24,77.3706368,28.6785117,0.38138798,359.99948,2,1708763006,1,2024-02-24 14:05:09,"2024-02-24 19:30:00","2024-02-24 19:30:00"
jaichand_globalassure,"2024-02-24 19:30:43",2024-02-24,77.3733904,28.6784538,0.0,0.0,2,1708763006,1,2024-02-24 14:05:09,"2024-02-24 19:30:00","2024-02-24 19:30:00"
jaichand_globalassure,"2024-02-24 19:30:52",2024-02-24,77.37077,28.6784867,0.0,0.0,2,1708763006,32,2024-02-24 14:05:09,"2024-02-24 19:30:00","2024-02-24 19:30:00"
jaichand_globalassure,"2024-02-24 19:31:00",2024-02-24,77.3727976,28.6780323,2.7507184,180.0,1,1708763006,32,2024-02-24 14:05:09,"2024-02-24 19:30:00","2024-02-24 19:31:00"
jaichand_globalassure,"2024-02-24 19:31:13",2024-02-24,77.373562,28.6782161,7.999526,71.418976,1,1708763006,1,2024-02-24 14:05:09,"2024-02-24 19:30:00","2024-02-24 19:31:00"
jaichand_globalassure,"2024-02-24 19:31:21",2024-02-24,77.3748694,28.6785083,0.26164868,0.00000214,2,1708763006,1,2024-02-24 14:05:09,"2024-02-24 19:30:00","2024-02-24 19:31:00"
jaichand_globalassure,"2024-02-24 19:31:33",2024-02-24,77.3760107,28.678627,1.0594083,0.00001965,1,1708763006,1,2024-02-24 14:05:09,"2024-02-24 19:30:00","2024-02-24 19:31:00"
jaichand_globalassure,"2024-02-24 19:31:43",2024-02-24,77.375053,28.6784139,0.20669064,180.0,2,1708763006,1,2024-02-24 14:05:09,"2024-02-24 19:30:00","2024-02-24 19:31:00"
jaichand_globalassure,"2024-02-24 19:31:50",2024-02-24,77.3766719,28.6785609,1.0619873,0.00001199,1,1708763006,32,2024-02-24 14:05:09,"2024-02-24 19:30:00","2024-02-24 19:31:00"
jaichand_globalassure,"2024-02-24 19:32:01",2024-02-24,77.3773927,28.6785937,7.903248,88.35814,1,1708763006,32,2024-02-24 14:05:09,"2024-02-24 19:30:00","2024-02-24 19:32:00"
jaichand_globalassure,"2024-02-24 19:32:11",2024-02-24,77.3784687,28.6785683,0.104777955,0.00007473,2,1708763006,1,2024-02-24 14:05:09,"2024-02-24 19:30:00","2024-02-24 19:32:00"
jaichand_globalassure,"2024-02-24 19:32:23",2024-02-24,77.3781673,28.6786357,1.3155271,292.05835,1,1708763006,1,2024-02-24 14:05:09,"2024-02-24 19:30:00","2024-02-24 19:32:00"
jaichand_globalassure,"2024-02-24 19:32:32",2024-02-24,77.3783778,28.6786419,0.035358615,0.0,2,1708763006,1,2024-02-24 14:05:09,"2024-02-24 19:30:00","2024-02-24 19:32:00"
jaichand_globalassure,"2024-02-24 19:32:43",2024-02-24,77.3785024,28.6785157,1.1492952,174.95047,1,1708763006,1,2024-02-24 14:05:09,"2024-02-24 19:30:00","2024-02-24 19:32:00"
jaichand_globalassure,"2024-02-24 19:32:51",2024-02-24,77.380234,28.6788683,11.410226,91.37227,1,1708763006,1,2024-02-24 14:05:09,"2024-02-24 19:30:00","2024-02-24 19:32:00"
jaichand_globalassure,"2024-02-24 19:33:03",2024-02-24,77.380688,28.6787704,6.882121,112.05685,1,1708763006,1,2024-02-24 14:05:09,"2024-02-24 19:30:00","2024-02-24 19:33:00"
jaichand_globalassure,"2024-02-24 19:33:08",2024-02-24,77.3801133,28.6783121,0.39188832,180.00006,2,1708763006,1,2024-02-24 14:05:09,"2024-02-24 19:30:00","2024-02-24 19:33:00"
jaichand_globalassure,"2024-02-24 19:33:23",2024-02-24,77.3811545,28.6785111,9.127523,77.48854,1,1708763006,1,2024-02-24 14:05:09,"2024-02-24 19:30:00","2024-02-24 19:33:00"
jaichand_globalassure,"2024-02-24 19:33:30",2024-02-24,77.3813696,28.6787059,0.11606309,0.0001514,2,1708763006,1,2024-02-24 14:05:09,"2024-02-24 19:30:00","2024-02-24 19:33:00"
jaichand_globalassure,"2024-02-24 19:33:52",2024-02-24,77.3815989,28.6791171,0.9642336,0.00000897,2,1708763006,1,2024-02-24 14:05:09,"2024-02-24 19:30:00","2024-02-24 19:33:00"
jaichand_globalassure,"2024-02-24 19:34:11",2024-02-24,77.3826854,28.678968,0.0876429,0.0,2,1708763006,1,2024-02-24 14:05:09,"2024-02-24 19:30:00","2024-02-24 19:34:00"
jaichand_globalassure,"2024-02-24 19:34:23",2024-02-24,77.3828481,28.6789014,2.0553672,112.2644,1,1708763006,32,2024-02-24 14:05:09,"2024-02-24 19:30:00","2024-02-24 19:34:00"
jaichand_globalassure,"2024-02-24 19:34:29",2024-02-24,77.38306,28.6827133,0.0,0.0,2,1708763006,32,2024-02-24 14:05:09,"2024-02-24 19:30:00","2024-02-24 19:34:00"
jaichand_globalassure,"2024-02-24 19:35:01",2024-02-24,77.3849633,28.679065,0.0,0.0,2,1708763006,1,2024-02-24 14:05:09,"2024-02-24 19:35:00","2024-02-24 19:35:00"
jaichand_globalassure,"2024-02-24 19:35:30",2024-02-24,77.3855239,28.6793271,0.52889264,0.00012396,2,1708763006,1,2024-02-24 14:10:32,"2024-02-24 19:35:00","2024-02-24 19:35:00"
jaichand_globalassure,"2024-02-24 19:36:03",2024-02-24,77.3882059,28.6777293,0.0,0.0,2,1708763006,1,2024-02-24 14:10:32,"2024-02-24 19:35:00","2024-02-24 19:36:00"
jaichand_globalassure,"2024-02-24 19:36:13",2024-02-24,77.3882799,28.6779817,0.00339889,0.0,2,1708763006,1,2024-02-24 14:10:32,"2024-02-24 19:35:00","2024-02-24 19:36:00"
jaichand_globalassure,"2024-02-24 19:36:26",2024-02-24,77.3895634,28.6775035,0.6752759,179.99998,2,1708763006,1,2024-02-24 14:10:32,"2024-02-24 19:35:00","2024-02-24 19:36:00"
jaichand_globalassure,"2024-02-24 19:36:43",2024-02-24,77.3896347,28.6772076,2.1828156,164.65016,1,1708763006,1,2024-02-24 14:10:32,"2024-02-24 19:35:00","2024-02-24 19:36:00"
jaichand_globalassure,"2024-02-24 19:36:50",2024-02-24,77.390385,28.6795967,0.0,0.0,2,1708763006,1,2024-02-24 14:10:32,"2024-02-24 19:35:00","2024-02-24 19:36:00"
jaichand_globalassure,"2024-02-24 19:37:03",2024-02-24,77.3904252,28.6791016,4.052126,176.21242,1,1708763006,1,2024-02-24 14:10:32,"2024-02-24 19:35:00","2024-02-24 19:37:00"
jaichand_globalassure,"2024-02-24 19:37:09",2024-02-24,77.3907771,28.67804,0.30108804,180.0,2,1708763006,1,2024-02-24 14:10:32,"2024-02-24 19:35:00","2024-02-24 19:37:00"
jaichand_globalassure,"2024-02-24 19:37:42",2024-02-24,77.3907178,28.67762,3.172596,174.60138,1,1708763006,1,2024-02-24 14:10:32,"2024-02-24 19:35:00","2024-02-24 19:37:00"
jaichand_globalassure,"2024-02-24 19:37:52",2024-02-24,77.3911667,28.6784633,0.00010749,0.0,2,1708763006,1,2024-02-24 14:10:32,"2024-02-24 19:35:00","2024-02-24 19:37:00"
jaichand_globalassure,"2024-02-24 19:38:00",2024-02-24,77.3917714,28.6780467,1.0196197,179.99998,1,1708763006,1,2024-02-24 14:10:32,"2024-02-24 19:35:00","2024-02-24 19:38:00"
jaichand_globalassure,"2024-02-24 19:38:13",2024-02-24,77.392166,28.677548,16.104914,145.87746,1,1708763006,1,2024-02-24 14:10:32,"2024-02-24 19:35:00","2024-02-24 19:38:00"
jaichand_globalassure,"2024-02-24 19:38:23",2024-02-24,77.3922267,28.6787883,0.0,0.0,2,1708763006,1,2024-02-24 14:10:32,"2024-02-24 19:35:00","2024-02-24 19:38:00"
jaichand_globalassure,"2024-02-24 19:38:43",2024-02-24,77.3959407,28.6763568,0.0,0.0,2,1708763006,1,2024-02-24 14:10:32,"2024-02-24 19:35:00","2024-02-24 19:38:00"
jaichand_globalassure,"2024-02-24 19:38:53",2024-02-24,77.3944246,28.6763018,0.010273995,0.0,2,1708763006,1,2024-02-24 14:10:32,"2024-02-24 19:35:00","2024-02-24 19:38:00"
jaichand_globalassure,"2024-02-24 19:39:02",2024-02-24,77.3957421,28.6762703,0.00716072,0.0,2,1708763006,1,2024-02-24 14:10:32,"2024-02-24 19:35:00","2024-02-24 19:39:00"
jaichand_globalassure,"2024-02-24 19:39:13",2024-02-24,77.3971521,28.6762752,48.83824,89.75226,1,1708763006,1,2024-02-24 14:10:32,"2024-02-24 19:35:00","2024-02-24 19:39:00"
jaichand_globalassure,"2024-02-24 19:39:23",2024-02-24,77.3962081,28.6764446,0.4990702,359.9998,2,1708763006,1,2024-02-24 14:10:32,"2024-02-24 19:35:00","2024-02-24 19:39:00"
jaichand_globalassure,"2024-02-24 19:39:37",2024-02-24,77.3977384,28.676129,0.09643297,0.0,2,1708763006,1,2024-02-24 14:10:32,"2024-02-24 19:35:00","2024-02-24 19:39:00"
jaichand_globalassure,"2024-02-24 19:39:54",2024-02-24,77.3982852,28.6758696,0.25202608,179.99998,2,1708763006,1,2024-02-24 14:10:32,"2024-02-24 19:35:00","2024-02-24 19:39:00"
jaichand_globalassure,"2024-02-24 19:40:10",2024-02-24,77.398463,28.6761092,2.0386477,0.00002229,1,1708763006,1,2024-02-24 14:10:32,"2024-02-24 19:40:00","2024-02-24 19:40:00"
jaichand_globalassure,"2024-02-24 19:40:22",2024-02-24,77.3985153,28.6762559,1.1390893,0.057251833,1,1708763006,1,2024-02-24 14:10:32,"2024-02-24 19:40:00","2024-02-24 19:40:00"
jaichand_globalassure,"2024-02-24 19:40:32",2024-02-24,77.4055733,28.6735783,0.0,0.0,2,1708763006,1,2024-02-24 14:13:42,"2024-02-24 19:40:00","2024-02-24 19:40:00"
jaichand_globalassure,"2024-02-24 19:40:45",2024-02-24,77.4058771,28.6734047,0.3153172,179.99998,2,1708763006,1,2024-02-24 14:13:42,"2024-02-24 19:40:00","2024-02-24 19:40:00"
jaichand_globalassure,"2024-02-24 19:40:53",2024-02-24,77.4063619,28.6731011,0.037028044,0.0,2,1708763006,1,2024-02-24 14:13:42,"2024-02-24 19:40:00","2024-02-24 19:40:00"
jaichand_globalassure,"2024-02-24 19:41:02",2024-02-24,77.40953,28.6723317,0.0,0.0,2,1708763006,1,2024-02-24 14:13:42,"2024-02-24 19:40:00","2024-02-24 19:41:00"
jaichand_globalassure,"2024-02-24 19:41:20",2024-02-24,77.4111824,28.6716688,1.7217395,180.0,1,1708763006,1,2024-02-24 14:13:42,"2024-02-24 19:40:00","2024-02-24 19:41:00"
jaichand_globalassure,"2024-02-24 19:41:32",2024-02-24,77.4111932,28.6715264,1.2989554,176.1705,1,1708763006,1,2024-02-24 14:13:42,"2024-02-24 19:40:00","2024-02-24 19:41:00"
jaichand_globalassure,"2024-02-24 19:41:40",2024-02-24,77.4114033,28.6717248,0.2887844,0.00000288,2,1708763006,1,2024-02-24 14:13:42,"2024-02-24 19:40:00","2024-02-24 19:41:00"
jaichand_globalassure,"2024-02-24 19:42:02",2024-02-24,77.4114289,28.6715214,1.2164241,180.0,1,1708763006,1,2024-02-24 14:13:42,"2024-02-24 19:40:00","2024-02-24 19:42:00"
jaichand_globalassure,"2024-02-24 19:42:12",2024-02-24,77.4114834,28.671077,1.8231776,175.79941,1,1708763006,1,2024-02-24 14:13:42,"2024-02-24 19:40:00","2024-02-24 19:42:00"
jaichand_globalassure,"2024-02-24 19:42:20",2024-02-24,77.4094767,28.6688767,0.0,0.0,2,1708763006,1,2024-02-24 14:13:42,"2024-02-24 19:40:00","2024-02-24 19:42:00"
jaichand_globalassure,"2024-02-24 19:42:35",2024-02-24,77.4102758,28.6674448,8.154285,179.99998,1,1708763006,1,2024-02-24 14:13:42,"2024-02-24 19:40:00","2024-02-24 19:42:00"
jaichand_globalassure,"2024-02-24 19:42:42",2024-02-24,77.4103786,28.6673076,0.3924419,180.0,2,1708763006,1,2024-02-24 14:13:42,"2024-02-24 19:40:00","2024-02-24 19:42:00"
jaichand_globalassure,"2024-02-24 19:42:49",2024-02-24,77.4102966,28.6671927,1.308654,180.00003,1,1708763006,1,2024-02-24 14:13:42,"2024-02-24 19:40:00","2024-02-24 19:42:00"
jaichand_globalassure,"2024-02-24 19:43:06",2024-02-24,77.4092965,28.6676908,4.686561,0.0,1,1708763006,1,2024-02-24 14:13:42,"2024-02-24 19:40:00","2024-02-24 19:43:00"
jaichand_globalassure,"2024-02-24 19:43:27",2024-02-24,77.40908,28.6629317,13.991179,197.0,1,1708763006,1,2024-02-24 14:13:42,"2024-02-24 19:40:00","2024-02-24 19:43:00"
jaichand_globalassure,"2024-02-24 19:43:42",2024-02-24,77.4089615,28.662635,0.7256485,20.033705,2,1708763006,1,2024-02-24 14:18:42,"2024-02-24 19:40:00","2024-02-24 19:43:00"
jaichand_globalassure,"2024-02-24 19:43:55",2024-02-24,77.4086272,28.6570856,16.131172,179.63834,1,1708763006,1,2024-02-24 14:18:42,"2024-02-24 19:40:00","2024-02-24 19:43:00"
jaichand_globalassure,"2024-02-24 19:44:05",2024-02-24,77.4095828,28.655163,23.838684,157.09013,1,1708763006,1,2024-02-24 14:18:42,"2024-02-24 19:40:00","2024-02-24 19:44:00"
jaichand_globalassure,"2024-02-24 19:44:16",2024-02-24,77.4084124,28.6533526,9.6879635,180.0,1,1708763006,1,2024-02-24 14:18:42,"2024-02-24 19:40:00","2024-02-24 19:44:00"
jaichand_globalassure,"2024-02-24 19:44:23",2024-02-24,77.4074946,28.6534666,0.012271569,0.0,2,1708763006,1,2024-02-24 14:18:42,"2024-02-24 19:40:00","2024-02-24 19:44:00"
jaichand_globalassure,"2024-02-24 19:44:40",2024-02-24,77.4086992,28.6531317,0.26172465,179.99992,2,1708763006,1,2024-02-24 14:18:42,"2024-02-24 19:40:00","2024-02-24 19:44:00"
jaichand_globalassure,"2024-02-24 19:45:02",2024-02-24,77.4085174,28.6533397,0.5287123,359.99994,2,1708763006,1,2024-02-24 14:18:42,"2024-02-24 19:45:00","2024-02-24 19:45:00"
jaichand_globalassure,"2024-02-24 19:45:20",2024-02-24,77.4087883,28.6532048,0.32965136,179.9995,2,1708763006,1,2024-02-24 14:18:42,"2024-02-24 19:45:00","2024-02-24 19:45:00"
jaichand_globalassure,"2024-02-24 19:45:36",2024-02-24,77.4099263,28.652192,11.790932,130.82951,1,1708763006,1,2024-02-24 14:18:42,"2024-02-24 19:45:00","2024-02-24 19:45:00"
jaichand_globalassure,"2024-02-24 19:45:46",2024-02-24,77.4076583,28.6535683,0.0,0.0,2,1708763006,1,2024-02-24 14:18:42,"2024-02-24 19:45:00","2024-02-24 19:45:00"
jaichand_globalassure,"2024-02-24 19:45:54",2024-02-24,77.409239,28.6522949,3.571546,179.99997,1,1708763006,1,2024-02-24 14:18:42,"2024-02-24 19:45:00","2024-02-24 19:45:00"
jaichand_globalassure,"2024-02-24 19:46:06",2024-02-24,77.4094407,28.6521757,1.4539878,153.91483,1,1708763006,1,2024-02-24 14:18:42,"2024-02-24 19:45:00","2024-02-24 19:46:00"
jaichand_globalassure,"2024-02-24 19:46:12",2024-02-24,77.4110793,28.652207,0.012620414,0.0,2,1708763006,1,2024-02-24 14:18:42,"2024-02-24 19:45:00","2024-02-24 19:46:00"
jaichand_globalassure,"2024-02-24 19:46:26",2024-02-24,77.4112096,28.6530419,6.699583,8.044781,1,1708763006,1,2024-02-24 14:18:42,"2024-02-24 19:45:00","2024-02-24 19:46:00"
jaichand_globalassure,"2024-02-24 19:46:34",2024-02-24,77.4113715,28.6535654,2.5416856,0.00004989,1,1708763006,1,2024-02-24 14:18:42,"2024-02-24 19:45:00","2024-02-24 19:46:00"
jaichand_globalassure,"2024-02-24 19:46:46",2024-02-24,77.4114746,28.6544704,8.400579,2.4947824,1,1708763006,1,2024-02-24 14:18:42,"2024-02-24 19:45:00","2024-02-24 19:46:00"
jaichand_globalassure,"2024-02-24 19:46:55",2024-02-24,77.4116647,28.6552535,9.437717,9.324142,1,1708763006,1,2024-02-24 14:18:42,"2024-02-24 19:45:00","2024-02-24 19:46:00"
jaichand_globalassure,"2024-02-24 19:47:06",2024-02-24,77.4114727,28.6554422,0.4432096,0.0,2,1708763006,1,2024-02-24 14:18:42,"2024-02-24 19:45:00","2024-02-24 19:47:00"
jaichand_globalassure,"2024-02-24 19:47:16",2024-02-24,77.4119701,28.6568503,25.17139,24.105965,1,1708763006,1,2024-02-24 14:18:42,"2024-02-24 19:45:00","2024-02-24 19:47:00"
jaichand_globalassure,"2024-02-24 19:47:21",2024-02-24,77.4120114,28.6570203,0.3363938,0.0000016,2,1708763006,1,2024-02-24 14:18:42,"2024-02-24 19:45:00","2024-02-24 19:47:00"
jaichand_globalassure,"2024-02-24 19:47:35",2024-02-24,77.4125339,28.657036,6.977179,89.04261,1,1708763006,1,2024-02-24 14:18:42,"2024-02-24 19:45:00","2024-02-24 19:47:00"
jaichand_globalassure,"2024-02-24 19:47:56",2024-02-24,77.4132382,28.6566782,4.110829,124.93005,1,1708763006,1,2024-02-24 14:18:42,"2024-02-24 19:45:00","2024-02-24 19:47:00"
jaichand_globalassure,"2024-02-24 19:48:02",2024-02-24,77.412851,28.6570033,2.277449,0.0,1,1708763006,1,2024-02-24 14:18:42,"2024-02-24 19:45:00","2024-02-24 19:48:00"
jaichand_globalassure,"2024-02-24 19:48:06",2024-02-24,77.4125895,28.6572103,1.0965172,0.0,1,1708763006,1,2024-02-24 14:18:42,"2024-02-24 19:45:00","2024-02-24 19:48:00"
jaichand_globalassure,"2024-02-24 19:48:16",2024-02-24,77.4148555,28.6555796,0.0,0.0,2,1708763006,1,2024-02-24 14:18:42,"2024-02-24 19:45:00","2024-02-24 19:48:00"
jaichand_globalassure,"2024-02-24 19:48:21",2024-02-24,77.4137013,28.6567817,2.9779086,0.0,1,1708763006,1,2024-02-24 14:18:42,"2024-02-24 19:45:00","2024-02-24 19:48:00"
jaichand_globalassure,"2024-02-24 19:48:35",2024-02-24,77.4148892,28.6557684,23.84471,133.86646,1,1708763006,1,2024-02-24 14:18:42,"2024-02-24 19:45:00","2024-02-24 19:48:00"
jaichand_globalassure,"2024-02-24 19:48:45",2024-02-24,77.4166229,28.655306,0.009734561,0.0,2,1708763006,1,2024-02-24 14:22:12,"2024-02-24 19:45:00","2024-02-24 19:48:00"
jaichand_globalassure,"2024-02-24 19:48:55",2024-02-24,77.4152198,28.6554318,0.10757779,359.99973,2,1708763006,1,2024-02-24 14:22:12,"2024-02-24 19:45:00","2024-02-24 19:48:00"
jaichand_globalassure,"2024-02-24 19:49:06",2024-02-24,77.4153999,28.6550029,7.2694263,153.50655,1,1708763006,1,2024-02-24 14:22:12,"2024-02-24 19:45:00","2024-02-24 19:49:00"
jaichand_globalassure,"2024-02-24 19:49:16",2024-02-24,77.415632,28.6539116,15.487432,235.11255,1,1708763006,1,2024-02-24 14:22:12,"2024-02-24 19:45:00","2024-02-24 19:49:00"
jaichand_globalassure,"2024-02-24 19:49:22",2024-02-24,77.4141534,28.6538611,0.09030374,0.0,2,1708763006,1,2024-02-24 14:22:12,"2024-02-24 19:45:00","2024-02-24 19:49:00"
jaichand_globalassure,"2024-02-24 19:49:36",2024-02-24,77.4146382,28.6532862,6.0108533,141.21086,1,1708763006,1,2024-02-24 14:22:12,"2024-02-24 19:45:00","2024-02-24 19:49:00"
jaichand_globalassure,"2024-02-24 19:49:46",2024-02-24,77.4150127,28.6537193,0.11711329,0.00000041,2,1708763006,1,2024-02-24 14:22:12,"2024-02-24 19:45:00","2024-02-24 19:49:00"
jaichand_globalassure,"2024-02-24 19:49:56",2024-02-24,77.4151748,28.6532891,3.8186245,163.69464,1,1708763006,1,2024-02-24 14:22:12,"2024-02-24 19:45:00","2024-02-24 19:49:00"
jaichand_globalassure,"2024-02-24 19:50:01",2024-02-24,77.4153806,28.6530561,2.0641592,179.99992,1,1708763006,1,2024-02-24 14:22:12,"2024-02-24 19:50:00","2024-02-24 19:50:00"
jaichand_globalassure,"2024-02-24 19:50:16",2024-02-24,77.4156911,28.6529981,3.603891,97.313,1,1708763006,1,2024-02-24 14:22:12,"2024-02-24 19:50:00","2024-02-24 19:50:00"
jaichand_globalassure,"2024-02-24 19:50:34",2024-02-24,77.4159007,28.6530193,0.12122071,0.00007425,2,1708763006,1,2024-02-24 14:22:12,"2024-02-24 19:50:00","2024-02-24 19:50:00"
jaichand_globalassure,"2024-02-24 19:50:46",2024-02-24,77.416245,28.6530131,4.1147604,91.54357,1,1708763006,1,2024-02-24 14:22:12,"2024-02-24 19:50:00","2024-02-24 19:50:00"
jaichand_globalassure,"2024-02-24 19:50:51",2024-02-24,77.4170593,28.6529883,0.023540048,0.0,2,1708763006,1,2024-02-24 14:22:12,"2024-02-24 19:50:00","2024-02-24 19:50:00"
jaichand_globalassure,"2024-02-24 19:51:07",2024-02-24,77.4177459,28.6526801,18.4805,111.27373,1,1708763006,1,2024-02-24 14:22:12,"2024-02-24 19:50:00","2024-02-24 19:51:00"
jaichand_globalassure,"2024-02-24 19:51:15",2024-02-24,77.4173811,28.6527565,0.8541537,359.9994,2,1708763006,1,2024-02-24 14:22:12,"2024-02-24 19:50:00","2024-02-24 19:51:00"
jaichand_globalassure,"2024-02-24 19:51:28",2024-02-24,77.4178445,28.6527383,2.453385,91.40743,1,1708763006,1,2024-02-24 14:22:12,"2024-02-24 19:50:00","2024-02-24 19:51:00"
jaichand_globalassure,"2024-02-24 19:51:38",2024-02-24,77.418339,28.6527024,0.09539972,0.0,2,1708763006,1,2024-02-24 14:22:12,"2024-02-24 19:50:00","2024-02-24 19:51:00"
jaichand_globalassure,"2024-02-24 19:51:48",2024-02-24,77.418794,28.6526697,4.6219683,94.60584,1,1708763006,1,2024-02-24 14:22:12,"2024-02-24 19:50:00","2024-02-24 19:51:00"
jaichand_globalassure,"2024-02-24 19:51:57",2024-02-24,77.4191455,28.6526596,4.081847,91.86025,1,1708763006,1,2024-02-24 14:22:12,"2024-02-24 19:50:00","2024-02-24 19:51:00"
jaichand_globalassure,"2024-02-24 19:52:08",2024-02-24,77.4196484,28.6526037,0.9089679,179.99998,2,1708763006,1,2024-02-24 14:22:12,"2024-02-24 19:50:00","2024-02-24 19:52:00"
jaichand_globalassure,"2024-02-24 19:52:14",2024-02-24,77.4198452,28.6525409,0.4232736,179.99998,2,1708763006,1,2024-02-24 14:22:55,"2024-02-24 19:50:00","2024-02-24 19:52:00"
jaichand_globalassure,"2024-02-24 19:52:27",2024-02-24,77.4200744,28.6530097,0.24482845,0.0000001,2,1708763006,1,2024-02-24 14:22:55,"2024-02-24 19:50:00","2024-02-24 19:52:00"
jaichand_globalassure,"2024-02-24 19:52:59",2024-02-24,77.420302,28.6537031,1.7266179,0,1,1708763006,32,2024-02-24 14:23:39,"2024-02-24 19:50:00","2024-02-24 19:52:00"
jaichand_globalassure,"2024-02-24 19:53:22",2024-02-24,77.4199086,28.6552381,3.7086697,0.0,1,1708763006,1,2024-02-24 14:23:39,"2024-02-24 19:50:00","2024-02-24 19:53:00"
jaichand_globalassure,"2024-02-24 19:53:40",2024-02-24,77.4200795,28.6552937,0.09783081,0.0,2,1708763006,1,2024-02-24 14:29:05,"2024-02-24 19:50:00","2024-02-24 19:53:00"
jaichand_globalassure,"2024-02-24 19:53:51",2024-02-24,77.4221707,28.6552394,21.113438,91.548744,1,1708763006,1,2024-02-24 14:29:05,"2024-02-24 19:50:00","2024-02-24 19:53:00"
jaichand_globalassure,"2024-02-24 19:54:15",2024-02-24,77.4218068,28.6551498,0.30556825,180.0,2,1708763006,1,2024-02-24 14:29:05,"2024-02-24 19:50:00","2024-02-24 19:54:00"
jaichand_globalassure,"2024-02-24 19:54:28",2024-02-24,77.4223215,28.6545814,1.6686716,179.99998,1,1708763006,1,2024-02-24 14:29:05,"2024-02-24 19:50:00","2024-02-24 19:54:00"
jaichand_globalassure,"2024-02-24 19:54:42",2024-02-24,77.4224273,28.6544527,0.76313937,167.09685,2,1708763006,1,2024-02-24 14:29:05,"2024-02-24 19:50:00","2024-02-24 19:54:00"
jaichand_globalassure,"2024-02-24 19:54:48",2024-02-24,77.4225675,28.6548227,0.91762537,0.00001931,2,1708763006,1,2024-02-24 14:29:05,"2024-02-24 19:50:00","2024-02-24 19:54:00"
jaichand_globalassure,"2024-02-24 19:55:02",2024-02-24,77.4225649,28.6550371,1.7686844,359.316,1,1708763006,1,2024-02-24 14:29:05,"2024-02-24 19:55:00","2024-02-24 19:55:00"
jaichand_globalassure,"2024-02-24 19:55:13",2024-02-24,77.4241483,28.652585,0.0,0.0,2,1708763006,1,2024-02-24 14:29:05,"2024-02-24 19:55:00","2024-02-24 19:55:00"
jaichand_globalassure,"2024-02-24 19:55:21",2024-02-24,77.4236316,28.6535433,1.8526852,359.9999,1,1708763006,1,2024-02-24 14:29:05,"2024-02-24 19:55:00","2024-02-24 19:55:00"
jaichand_globalassure,"2024-02-24 19:55:33",2024-02-24,77.423594,28.6538825,2.9103057,356.15866,1,1708763006,1,2024-02-24 14:29:05,"2024-02-24 19:55:00","2024-02-24 19:55:00"
jaichand_globalassure,"2024-02-24 19:55:43",2024-02-24,77.423051,28.6555525,3.7322266,0.0,1,1708763006,1,2024-02-24 14:29:05,"2024-02-24 19:55:00","2024-02-24 19:55:00"
jaichand_globalassure,"2024-02-24 19:56:02",2024-02-24,77.4230585,28.6556878,0.59150654,0.3824584,2,1708763006,1,2024-02-24 14:29:05,"2024-02-24 19:55:00","2024-02-24 19:56:00"
jaichand_globalassure,"2024-02-24 19:56:07",2024-02-24,77.4253183,28.6570983,0.0,0.0,2,1708763006,1,2024-02-24 14:29:05,"2024-02-24 19:55:00","2024-02-24 19:56:00"
jaichand_globalassure,"2024-02-24 19:56:34",2024-02-24,77.4231,28.65593,0.0,0.0,2,1708763006,8,2024-02-24 14:29:05,"2024-02-24 19:55:00","2024-02-24 19:56:00"
jaichand_globalassure,"2024-02-24 19:56:43",2024-02-24,77.423057,28.6556912,2.8814447,180.00002,1,1708763006,8,2024-02-24 14:29:05,"2024-02-24 19:55:00","2024-02-24 19:56:00"
jaichand_globalassure,"2024-02-24 19:56:48",2024-02-24,77.4233574,28.6558703,0.0389693,0.0,2,1708763006,8,2024-02-24 14:29:05,"2024-02-24 19:55:00","2024-02-24 19:56:00"
jaichand_globalassure,"2024-02-24 19:57:03",2024-02-24,77.4233127,28.6556529,1.6057324,190.5825,1,1708763006,8,2024-02-24 14:29:05,"2024-02-24 19:55:00","2024-02-24 19:57:00"
jaichand_globalassure,"2024-02-24 19:57:08",2024-02-24,77.4229416,28.6555427,0.21516335,269.83096,2,1708763006,8,2024-02-24 14:29:05,"2024-02-24 19:55:00","2024-02-24 19:57:00"
jaichand_globalassure,"2024-02-24 19:57:24",2024-02-24,77.4229748,28.6554103,0.17365064,180.0,2,1708763006,8,2024-02-24 14:29:05,"2024-02-24 19:55:00","2024-02-24 19:57:00"
jaichand_globalassure,"2024-02-24 19:57:33",2024-02-24,77.4232603,28.656274,4.9813704,0.0000823,1,1708763006,8,2024-02-24 14:29:05,"2024-02-24 19:55:00","2024-02-24 19:57:00"
jaichand_globalassure,"2024-02-24 19:57:45",2024-02-24,77.4231136,28.6557202,4.0419617,188.5424,1,1708763006,32,2024-02-24 14:29:05,"2024-02-24 19:55:00","2024-02-24 19:57:00"
jaichand_globalassure,"2024-02-24 19:57:57",2024-02-24,77.4229307,28.6556056,0.45032886,0.00005153,2,1708763006,32,2024-02-24 14:29:05,"2024-02-24 19:55:00","2024-02-24 19:57:00"
jaichand_globalassure,"2024-02-24 19:58:13",2024-02-24,77.4227264,28.6554995,0.13837685,180.0,2,1708763006,8,2024-02-24 14:29:05,"2024-02-24 19:55:00","2024-02-24 19:58:00"
jaichand_globalassure,"2024-02-24 19:58:35",2024-02-24,77.4232649,28.6558707,5.2300415,66.7449,1,1708763006,32,2024-02-24 14:29:05,"2024-02-24 19:55:00","2024-02-24 19:58:00"
jaichand_globalassure,"2024-02-24 19:58:56",2024-02-24,77.4232748,28.6557271,0.4342599,178.0881,2,1708763006,64,2024-02-24 14:29:05,"2024-02-24 19:55:00","2024-02-24 19:58:00"
jaichand_globalassure,"2024-02-24 19:59:01",2024-02-24,77.4232089,28.6555873,0.5092868,181.92924,2,1708763006,64,2024-02-24 14:29:05,"2024-02-24 19:55:00","2024-02-24 19:59:00"
jaichand_globalassure,"2024-02-24 19:59:09",2024-02-24,77.4231641,28.6554523,0.7247856,184.68594,2,1708763006,64,2024-02-24 14:34:33,"2024-02-24 19:55:00","2024-02-24 19:59:00"
jaichand_globalassure,"2024-02-24 19:59:21",2024-02-24,77.4231193,28.6553214,0.43684912,181.58585,2,1708763006,64,2024-02-24 14:34:33,"2024-02-24 19:55:00","2024-02-24 19:59:00"
jaichand_globalassure,"2024-02-24 19:59:30",2024-02-24,77.4231729,28.6551881,0.6512214,174.1436,2,1708763006,64,2024-02-24 14:34:33,"2024-02-24 19:55:00","2024-02-24 19:59:00"
jaichand_globalassure,"2024-02-24 19:59:50",2024-02-24,77.4233256,28.6552025,1.6477613,17.184734,1,1708763006,32,2024-02-24 14:34:33,"2024-02-24 19:55:00","2024-02-24 19:59:00"
jaichand_globalassure,"2024-02-24 20:00:38",2024-02-24,77.4234314,28.655424,1.8900206,0.74563384,1,1708763006,8,2024-02-24 14:34:33,"2024-02-24 20:00:00","2024-02-24 20:00:00"
jaichand_globalassure,"2024-02-24 20:00:38",2024-02-24,77.4234314,28.655424,1.8900206,0.74563384,1,1708763006,8,2024-02-24 14:35:17,"2024-02-24 20:00:00","2024-02-24 20:00:00"
jaichand_globalassure,"2024-02-24 20:00:38",2024-02-24,77.4234314,28.655424,1.8900206,0.74563384,1,1708763006,8,2024-02-24 14:36:01,"2024-02-24 20:00:00","2024-02-24 20:00:00"
jaichand_globalassure,"2024-02-24 20:00:38",2024-02-24,77.4234314,28.655424,1.8900206,0.74563384,1,1708763006,8,2024-02-24 14:36:41,"2024-02-24 20:00:00","2024-02-24 20:00:00"
jaichand_globalassure,"2024-02-24 20:00:38",2024-02-24,77.4234314,28.655424,1.8900206,0.74563384,1,1708763006,8,2024-02-24 14:41:49,"2024-02-24 20:00:00","2024-02-24 20:00:00"
jaichand_globalassure,"2024-02-24 20:00:38",2024-02-24,77.4234314,28.655424,1.8900206,0.74563384,1,1708763006,8,2024-02-24 14:42:31,"2024-02-24 20:00:00","2024-02-24 20:00:00"
jaichand_globalassure,"2024-02-24 20:00:38",2024-02-24,77.4234314,28.655424,1.8900206,0.74563384,1,1708763006,8,2024-02-24 14:43:12,"2024-02-24 20:00:00","2024-02-24 20:00:00"
jaichand_globalassure,"2024-02-24 20:00:38",2024-02-24,77.4234314,28.655424,1.8900206,0.74563384,1,1708763006,8,2024-02-24 14:43:52,"2024-02-24 20:00:00","2024-02-24 20:00:00"
jaichand_globalassure,"2024-02-24 20:00:38",2024-02-24,77.4234314,28.655424,1.8900206,0.74563384,1,1708763006,8,2024-02-24 14:44:32,"2024-02-24 20:00:00","2024-02-24 20:00:00"
jaichand_globalassure,"2024-02-24 20:00:38",2024-02-24,77.4234314,28.655424,1.8900206,0.74563384,1,1708763006,8,2024-02-24 14:45:12,"2024-02-24 20:00:00","2024-02-24 20:00:00"
jaichand_globalassure,"2024-02-24 20:00:38",2024-02-24,77.4234314,28.655424,1.8900206,0.74563384,1,1708763006,8,2024-02-24 14:45:57,"2024-02-24 20:00:00","2024-02-24 20:00:00"
jaichand_globalassure,"2024-02-24 20:16:16",2024-02-24,77.4232653,28.6554704,0.6547981,325.4787,2,1708763006,8,2024-02-24 14:46:37,"2024-02-24 20:15:00","2024-02-24 20:16:00"
jaichand_globalassure,"2024-02-24 20:16:16",2024-02-24,77.4232653,28.6554704,0.6547981,325.4787,2,1708763006,8,2024-02-24 14:47:17,"2024-02-24 20:15:00","2024-02-24 20:16:00"
jaichand_globalassure,"2024-02-24 20:16:16",2024-02-24,77.4232653,28.6554704,0.6547981,325.4787,2,1708763006,8,2024-02-24 14:47:57,"2024-02-24 20:15:00","2024-02-24 20:16:00"
jaichand_globalassure,"2024-02-24 20:16:16",2024-02-24,77.4232653,28.6554704,0.6547981,325.4787,2,1708763006,8,2024-02-24 14:48:47,"2024-02-24 20:15:00","2024-02-24 20:16:00"
jaichand_globalassure,"2024-02-24 20:16:16",2024-02-24,77.4232653,28.6554704,0.6547981,325.4787,2,1708763006,8,2024-02-24 14:49:27,"2024-02-24 20:15:00","2024-02-24 20:16:00"
jaichand_globalassure,"2024-02-24 20:16:16",2024-02-24,77.4232653,28.6554704,0.6547981,325.4787,2,1708763006,8,2024-02-24 14:50:09,"2024-02-24 20:15:00","2024-02-24 20:16:00"
jaichand_globalassure,"2024-02-24 20:24:39",2024-02-24,77.4233071,28.6554169,0.00847917,0.0,2,1708786483,0,2024-02-24 14:54:46,"2024-02-24 20:20:00","2024-02-24 20:24:00"
