"driver","datetime","date","longitude","latitude","speed","heading","deviceStatus","session","motionActivity"
jaichand_globalassure,"2023-12-18 09:42:00",2023-12-18,77.4233052,28.6554233,0.0,0.0,2,1702872722,0
jaichand_globalassure,"2023-12-18 09:42:00",2023-12-18,77.4233052,28.6554233,0.0,0.0,2,1702872722,8
jaichand_globalassure,"2023-12-18 09:42:00",2023-12-18,77.4233052,28.6554233,0.0,0.0,2,1702872722,8
jaichand_globalassure,"2023-12-18 09:42:00",2023-12-18,77.4233052,28.6554233,0.0,0.0,2,1702872722,8
jaichand_globalassure,"2023-12-18 09:42:00",2023-12-18,77.4233052,28.6554233,0.0,0.0,2,1702872722,8
jaichand_globalassure,"2023-12-18 09:42:00",2023-12-18,77.4233052,28.6554233,0.0,0.0,2,1702872722,8
jaichand_globalassure,"2023-12-18 09:42:00",2023-12-18,77.4233052,28.6554233,0.0,0.0,2,1702872722,8
jaichand_globalassure,"2023-12-18 09:42:00",2023-12-18,77.4233052,28.6554233,0.0,0.0,2,1702872722,8
jaichand_globalassure,"2023-12-18 09:42:00",2023-12-18,77.4233052,28.6554233,0.0,0.0,2,1702872722,8
jaichand_globalassure,"2023-12-18 09:42:00",2023-12-18,77.4233052,28.6554233,0.0,0.0,2,1702872722,8
jaichand_globalassure,"2023-12-18 09:42:00",2023-12-18,77.4233052,28.6554233,0.0,0.0,2,1702872722,8
jaichand_globalassure,"2023-12-18 09:42:00",2023-12-18,77.4233052,28.6554233,0.0,0.0,2,1702872722,32
jaichand_globalassure,"2023-12-18 10:41:05",2023-12-18,77.4233052,28.6554233,0.0,0.0,2,1702872722,32
jaichand_globalassure,"2023-12-18 10:42:05",2023-12-18,77.423338,28.655276,1.5005462,171.3129,1,1702872722,8
jaichand_globalassure,"2023-12-18 10:42:05",2023-12-18,77.423338,28.655276,1.5005462,171.3129,1,1702872722,8
jaichand_globalassure,"2023-12-18 10:42:05",2023-12-18,77.423338,28.655276,1.5005462,171.3129,1,1702872722,8
jaichand_globalassure,"2023-12-18 10:42:05",2023-12-18,77.423338,28.655276,1.5005462,171.3129,1,1702872722,8
jaichand_globalassure,"2023-12-18 11:00:17",2023-12-18,77.423338,28.655276,1.5005462,171.3129,1,1702872722,8
jaichand_globalassure,"2023-12-18 11:01:17",2023-12-18,77.4233313,28.6553647,0.46214724,187.26773,2,1702872722,32
jaichand_globalassure,"2023-12-18 11:01:45",2023-12-18,77.4232205,28.655261,0.7021122,179.54936,2,1702872722,32
jaichand_globalassure,"2023-12-18 11:02:18",2023-12-18,77.4228466,28.6551676,0.08603192,0.0,2,1702872722,64
jaichand_globalassure,"2023-12-18 11:02:36",2023-12-18,77.4230414,28.6549735,1.1222608,179.99991,1,1702872722,64
jaichand_globalassure,"2023-12-18 11:03:46",2023-12-18,77.4231788,28.6551659,0.7738944,22.365002,2,1702872722,32
jaichand_globalassure,"2023-12-18 11:04:18",2023-12-18,77.4230553,28.6552817,0.46840805,334.87338,2,1702872722,32
jaichand_globalassure,"2023-12-18 11:04:18",2023-12-18,77.4230553,28.6552817,0.46840805,334.87338,2,1702872722,8
jaichand_globalassure,"2023-12-18 11:11:19",2023-12-18,77.4230553,28.6552817,0.46840805,334.87338,2,1702872722,8
jaichand_globalassure,"2023-12-18 11:12:19",2023-12-18,77.4232176,28.6550486,1.0444065,143.24982,1,1702872722,64
jaichand_globalassure,"2023-12-18 11:12:28",2023-12-18,77.423306,28.6551961,0.9181359,56.585,2,1702872722,64
jaichand_globalassure,"2023-12-18 11:12:49",2023-12-18,77.4233056,28.655356,0.8125315,0.32255545,2,1702872722,64
jaichand_globalassure,"2023-12-18 11:16:29",2023-12-18,77.4233056,28.655356,0.8125315,0.32255545,2,1702872722,64
jaichand_globalassure,"2023-12-18 11:17:29",2023-12-18,77.4229322,28.6551818,4.3649335,235.9816,1,1702872722,8
jaichand_globalassure,"2023-12-18 11:17:39",2023-12-18,77.4232964,28.6554122,3.1622038,53.75516,1,1702872722,8
jaichand_globalassure,"2023-12-18 11:17:39",2023-12-18,77.4232964,28.6554122,3.1622038,53.75516,1,1702872722,8
jaichand_globalassure,"2023-12-18 11:26:02",2023-12-18,77.4232964,28.6554122,3.1622038,53.75516,1,1702872722,8
jaichand_globalassure,"2023-12-18 11:27:02",2023-12-18,77.4233484,28.6552733,1.9952182,169.43227,1,1702872722,8
jaichand_globalassure,"2023-12-18 11:27:14",2023-12-18,77.4232601,28.6551583,1.4034913,196.50958,1,1702872722,128
jaichand_globalassure,"2023-12-18 11:27:22",2023-12-18,77.4231179,28.6552257,1.0283334,239.50346,1,1702872722,128
jaichand_globalassure,"2023-12-18 11:27:28",2023-12-18,77.4230226,28.6553394,0.5731728,273.27353,2,1702872722,128
jaichand_globalassure,"2023-12-18 11:27:45",2023-12-18,77.4228906,28.6554301,0.15156601,357.44724,2,1702872722,128
jaichand_globalassure,"2023-12-18 11:28:01",2023-12-18,77.42039,28.6540383,0.0,0.0,2,1702872722,128
jaichand_globalassure,"2023-12-18 11:28:14",2023-12-18,77.4226401,28.6554336,0.0,50.59816,2,1702872722,8
jaichand_globalassure,"2023-12-18 11:28:25",2023-12-18,77.4226912,28.6552927,0.7711633,71.40146,2,1702872722,8
jaichand_globalassure,"2023-12-18 11:29:02",2023-12-18,77.4224176,28.6556932,0.52945274,359.9999,2,1702872722,8
jaichand_globalassure,"2023-12-18 11:29:13",2023-12-18,77.4220702,28.6557122,2.1174028,264.76755,1,1702872722,8
jaichand_globalassure,"2023-12-18 11:29:25",2023-12-18,77.4225047,28.6553692,0.29912585,48.222683,2,1702872722,8
jaichand_globalassure,"2023-12-18 11:29:37",2023-12-18,77.4222376,28.6558885,0.073348135,0.0,2,1702872722,8
jaichand_globalassure,"2023-12-18 11:29:47",2023-12-18,77.4225959,28.6554629,0.05328427,0.0,2,1702872722,8
jaichand_globalassure,"2023-12-18 11:29:59",2023-12-18,77.4227965,28.6554036,2.7135093,180.0,1,1702872722,8
jaichand_globalassure,"2023-12-18 11:30:10",2023-12-18,77.4227062,28.6552294,8.280992,147.19112,1,1702872722,8
jaichand_globalassure,"2023-12-18 11:30:37",2023-12-18,77.4227887,28.6553504,0.009699318,0.0,2,1702872722,8
jaichand_globalassure,"2023-12-18 11:30:49",2023-12-18,77.4226776,28.6555268,0.57983017,190.27913,2,1702872722,8
jaichand_globalassure,"2023-12-18 11:31:01",2023-12-18,77.4227835,28.6552117,0.34654757,302.83398,2,1702872722,8
jaichand_globalassure,"2023-12-18 11:31:13",2023-12-18,77.4224069,28.6553548,2.2638228,228.08746,1,1702872722,1
jaichand_globalassure,"2023-12-18 11:31:26",2023-12-18,77.4225946,28.6555186,0.3573349,210.43234,2,1702872722,1
jaichand_globalassure,"2023-12-18 11:31:37",2023-12-18,77.4224282,28.655448,0.3476948,181.89209,2,1702872722,1
jaichand_globalassure,"2023-12-18 11:31:49",2023-12-18,77.4225203,28.6552897,1.4831436,154.13724,1,1702872722,1
jaichand_globalassure,"2023-12-18 11:31:59",2023-12-18,77.4225894,28.6554558,0.9281707,197.83315,2,1702872722,8
jaichand_globalassure,"2023-12-18 11:32:09",2023-12-18,77.4225673,28.6551793,3.4068503,178.64273,1,1702872722,8
jaichand_globalassure,"2023-12-18 11:32:25",2023-12-18,77.4222746,28.6548489,5.375951,184.11444,1,1702872722,8
jaichand_globalassure,"2023-12-18 11:32:47",2023-12-18,77.421999,28.6549199,1.4621515,330.14005,1,1702872722,1
jaichand_globalassure,"2023-12-18 11:32:59",2023-12-18,77.4226252,28.6547651,0.07470261,0.0,2,1702872722,1
jaichand_globalassure,"2023-12-18 11:33:11",2023-12-18,77.4215631,28.6552114,2.1729863,180.00026,1,1702872722,1
jaichand_globalassure,"2023-12-18 11:33:23",2023-12-18,77.4202088,28.6545804,5.768369,228.11884,1,1702872722,1
jaichand_globalassure,"2023-12-18 11:33:35",2023-12-18,77.4198905,28.6539164,7.809351,167.24464,1,1702872722,1
jaichand_globalassure,"2023-12-18 11:33:46",2023-12-18,77.4200968,28.6534054,6.617425,167.89552,1,1702872722,1
jaichand_globalassure,"2023-12-18 11:33:58",2023-12-18,77.4201512,28.6527858,3.4936688,299.3793,1,1702872722,1
jaichand_globalassure,"2023-12-18 11:34:10",2023-12-18,77.420024,28.652659,2.2060676,303.297,1,1702872722,1
jaichand_globalassure,"2023-12-18 11:34:22",2023-12-18,77.4197882,28.6522744,6.3545036,279.6887,1,1702872722,1
jaichand_globalassure,"2023-12-18 11:34:34",2023-12-18,77.4190619,28.65297,0.122108564,0.0,2,1702872722,1
jaichand_globalassure,"2023-12-18 11:34:46",2023-12-18,77.4185828,28.6526773,0.03895507,0.0,2,1702872722,1
jaichand_globalassure,"2023-12-18 11:35:00",2023-12-18,77.4178049,28.652752,0.04190344,0.0,2,1702872722,1
jaichand_globalassure,"2023-12-18 11:35:11",2023-12-18,77.416709,28.6529443,4.210002,269.43378,1,1702872722,1
jaichand_globalassure,"2023-12-18 11:35:23",2023-12-18,77.416107,28.6530451,4.3438454,261.58853,1,1702872722,1
jaichand_globalassure,"2023-12-18 11:35:35",2023-12-18,77.415725,28.6531008,0.008264169,0.0,2,1702872722,1
jaichand_globalassure,"2023-12-18 11:35:48",2023-12-18,77.4152341,28.6534729,0.05077434,0.0,2,1702872722,1
jaichand_globalassure,"2023-12-18 11:36:00",2023-12-18,77.4081633,28.6575867,1.3974708,281.0,1,1702872722,1
jaichand_globalassure,"2023-12-18 11:36:11",2023-12-18,77.4151383,28.6525883,4.302563,236.0,1,1702872722,1
jaichand_globalassure,"2023-12-18 11:36:23",2023-12-18,77.4143747,28.6525802,3.6449914,237.41081,1,1702872722,1
jaichand_globalassure,"2023-12-18 11:36:35",2023-12-18,77.4139985,28.652263,2.1057885,241.92928,1,1702872722,1
jaichand_globalassure,"2023-12-18 11:36:47",2023-12-18,77.4132394,28.6525428,0.20275725,294.08615,2,1702872722,1
jaichand_globalassure,"2023-12-18 11:37:09",2023-12-18,77.4139595,28.6518071,10.031778,139.61174,1,1702872722,32
jaichand_globalassure,"2023-12-18 11:37:20",2023-12-18,77.4131402,28.6537414,4.006546,0.0,1,1702872722,32
jaichand_globalassure,"2023-12-18 11:37:30",2023-12-18,77.413212,28.653564,0.55911434,108.30878,2,1702872722,32
jaichand_globalassure,"2023-12-18 11:37:40",2023-12-18,77.4135782,28.652171,9.645679,164.1251,1,1702872722,32
jaichand_globalassure,"2023-12-18 11:37:50",2023-12-18,77.4136717,28.6517466,6.882357,166.22456,1,1702872722,32
jaichand_globalassure,"2023-12-18 11:38:20",2023-12-18,77.4126078,28.6519764,5.0555243,281.4769,1,1702872722,1
jaichand_globalassure,"2023-12-18 11:38:29",2023-12-18,77.4121268,28.6521588,5.532309,291.88055,1,1702872722,1
jaichand_globalassure,"2023-12-18 11:38:39",2023-12-18,77.4118216,28.6522705,3.8601534,292.34286,1,1702872722,1
jaichand_globalassure,"2023-12-18 11:38:50",2023-12-18,77.4122128,28.6521252,0.36504772,289.5311,2,1702872722,1
jaichand_globalassure,"2023-12-18 11:40:37",2023-12-18,77.4122128,28.6521252,0.36504772,289.5311,2,1702872722,1
jaichand_globalassure,"2023-12-18 11:41:37",2023-12-18,77.4157817,28.652275,0.0,0.0,2,1702872722,1
jaichand_globalassure,"2023-12-18 11:42:05",2023-12-18,77.4166633,28.6492383,0.0,0.0,2,1702872722,1
jaichand_globalassure,"2023-12-18 11:42:32",2023-12-18,77.40737,28.6548567,0.0,0.0,2,1702872722,32
jaichand_globalassure,"2023-12-18 11:42:52",2023-12-18,77.416985,28.64775,0.0,0.0,2,1702872722,32
jaichand_globalassure,"2023-12-18 11:43:18",2023-12-18,77.416395,28.6472783,0.0,0.0,2,1702872722,1
jaichand_globalassure,"2023-12-18 11:43:35",2023-12-18,77.4143283,28.654845,0.0,0.0,2,1702872722,1
jaichand_globalassure,"2023-12-18 11:43:52",2023-12-18,77.4162533,28.6474067,0.0,0.0,2,1702872722,1
jaichand_globalassure,"2023-12-18 11:44:10",2023-12-18,77.4167683,28.6473,0.0,0.0,2,1702872722,1
jaichand_globalassure,"2023-12-18 11:44:27",2023-12-18,77.4096217,28.6481283,0.0,0.0,2,1702872722,1
jaichand_globalassure,"2023-12-18 11:45:03",2023-12-18,77.4171914,28.6488988,0.029094346,0.0,2,1702872722,8
jaichand_globalassure,"2023-12-18 11:45:37",2023-12-18,77.4126317,28.6567667,28.284805,0.0,1,1702872722,32
jaichand_globalassure,"2023-12-18 11:45:51",2023-12-18,77.4075483,28.6549517,24.058378,0.0,1,1702872722,32
jaichand_globalassure,"2023-12-18 11:46:03",2023-12-18,77.417845,28.6485967,1.1931355,0.0,1,1702872722,32
jaichand_globalassure,"2023-12-18 11:46:18",2023-12-18,77.419005,28.6481583,2.5756288,0.0,1,1702872722,32
jaichand_globalassure,"2023-12-18 11:46:32",2023-12-18,77.421695,28.64547,6.5165277,0.0,1,1702872722,32
jaichand_globalassure,"2023-12-18 11:47:37",2023-12-18,77.417945,28.6509817,1.5711789,0.0,1,1702872722,32
jaichand_globalassure,"2023-12-18 11:48:11",2023-12-18,77.4158733,28.651435,1.6427509,0.0,1,1702872722,32
jaichand_globalassure,"2023-12-18 11:48:40",2023-12-18,77.4135867,28.6519583,2.247344,0.0,1,1702872722,32
jaichand_globalassure,"2023-12-18 11:49:11",2023-12-18,77.4139601,28.6519776,1.8729953,0.0,1,1702872722,32
jaichand_globalassure,"2023-12-18 11:49:23",2023-12-18,77.4061433,28.6537483,4.6401153,0.0,1,1702872722,32
jaichand_globalassure,"2023-12-18 11:49:39",2023-12-18,77.41395,28.6518967,2.2950516,0.0,1,1702872722,32
jaichand_globalassure,"2023-12-18 11:49:54",2023-12-18,77.4140482,28.6520303,0.54337466,0.00002051,2,1702872722,32
jaichand_globalassure,"2023-12-18 11:50:14",2023-12-18,77.4138745,28.6524646,2.1407306,359.99997,1,1702872722,32
jaichand_globalassure,"2023-12-18 11:50:25",2023-12-18,77.4138546,28.6521754,2.419418,182.27347,1,1702872722,32
jaichand_globalassure,"2023-12-18 11:50:33",2023-12-18,77.4139407,28.6520317,0.852555,180.0,2,1702872722,32
jaichand_globalassure,"2023-12-18 11:51:30",2023-12-18,77.4137045,28.6520498,0.01927554,0.0,2,1702872722,8
jaichand_globalassure,"2023-12-18 11:52:04",2023-12-18,77.4138117,28.6519367,0.76863843,95.32156,2,1702872722,8
jaichand_globalassure,"2023-12-18 11:52:23",2023-12-18,77.4146065,28.6519668,0.0017716633,0.0,2,1702872722,8
jaichand_globalassure,"2023-12-18 11:52:35",2023-12-18,77.4138732,28.6520165,6.6430826,274.38437,1,1702872722,8
jaichand_globalassure,"2023-12-18 11:52:35",2023-12-18,77.4138732,28.6520165,6.6430826,274.38437,1,1702872722,8
jaichand_globalassure,"2023-12-18 11:52:56",2023-12-18,77.4136732,28.652335,0.13525072,359.99997,2,1702872722,8
jaichand_globalassure,"2023-12-18 11:53:13",2023-12-18,77.413875,28.652095,1.4844205,0.0,1,1702872722,8
jaichand_globalassure,"2023-12-18 11:53:28",2023-12-18,77.4162217,28.6523517,2.5359766,0.0,1,1702872722,8
jaichand_globalassure,"2023-12-18 11:53:47",2023-12-18,77.4139083,28.6520317,0.8183275,0.0,2,1702872722,8
jaichand_globalassure,"2023-12-18 11:54:04",2023-12-18,77.4118133,28.6531783,3.0349874,0.0,1,1702872722,8
jaichand_globalassure,"2023-12-18 11:54:21",2023-12-18,77.4133967,28.6523867,1.0803626,0.0,1,1702872722,8
jaichand_globalassure,"2023-12-18 11:54:38",2023-12-18,77.4135717,28.65247,0.85553354,0.0,2,1702872722,8
jaichand_globalassure,"2023-12-18 11:54:51",2023-12-18,77.4138128,28.6521354,0.071731836,0.0,2,1702872722,8
jaichand_globalassure,"2023-12-18 11:55:07",2023-12-18,77.4151633,28.65196,0.3334514,0.0,2,1702872722,8
jaichand_globalassure,"2023-12-18 11:55:22",2023-12-18,77.4139683,28.653035,0.74905163,0.0,2,1702872722,8
jaichand_globalassure,"2023-12-18 11:55:38",2023-12-18,77.4139267,28.6520867,0.34746298,0.0,2,1702872722,8
jaichand_globalassure,"2023-12-18 11:56:25",2023-12-18,77.411195,28.65083,1.4782631,0.0,1,1702872722,8
jaichand_globalassure,"2023-12-18 11:56:46",2023-12-18,77.4094583,28.654895,2.280731,0.0,1,1702872722,8
jaichand_globalassure,"2023-12-18 11:57:01",2023-12-18,77.414135,28.6520167,0.16702905,0.0,2,1702872722,8
jaichand_globalassure,"2023-12-18 11:57:16",2023-12-18,77.41338,28.6525283,0.022028668,0.0,2,1702872722,8
jaichand_globalassure,"2023-12-18 11:57:32",2023-12-18,77.4159167,28.6505483,0.6568796,0.0,2,1702872722,8
jaichand_globalassure,"2023-12-18 11:57:47",2023-12-18,77.4139967,28.6520867,0.18904823,0.0,2,1702872722,8
jaichand_globalassure,"2023-12-18 11:58:03",2023-12-18,77.414495,28.6516917,0.09538019,0.0,2,1702872722,8
jaichand_globalassure,"2023-12-18 11:58:17",2023-12-18,77.414075,28.6520707,0.050966434,0.0,2,1702872722,8
jaichand_globalassure,"2023-12-18 11:58:31",2023-12-18,77.4115917,28.6532417,0.8899964,0.0,2,1702872722,8
jaichand_globalassure,"2023-12-18 11:58:48",2023-12-18,77.4138087,28.6519954,0.20289314,0.0,2,1702872722,8
jaichand_globalassure,"2023-12-18 11:58:59",2023-12-18,77.4129185,28.6538412,1.5013043,359.99997,1,1702872722,8
jaichand_globalassure,"2023-12-18 11:59:33",2023-12-18,77.4137151,28.6518791,0.0,0.0,2,1702872722,32
jaichand_globalassure,"2023-12-18 11:59:47",2023-12-18,77.4136936,28.6526103,3.8902123,0.0,1,1702872722,32
jaichand_globalassure,"2023-12-18 11:59:53",2023-12-18,77.4136935,28.652824,3.84729,0.0,1,1702872722,32
jaichand_globalassure,"2023-12-18 12:00:04",2023-12-18,77.4137851,28.6520783,4.307176,170.75092,1,1702872722,32
jaichand_globalassure,"2023-12-18 12:00:21",2023-12-18,77.4136036,28.6521734,0.42039073,359.99976,2,1702872722,32
jaichand_globalassure,"2023-12-18 12:00:41",2023-12-18,77.4140867,28.65717,0.0,0.0,2,1702872722,32
jaichand_globalassure,"2023-12-18 12:00:57",2023-12-18,77.431275,28.64222,144.16064,0.0,1,1702872722,8
jaichand_globalassure,"2023-12-18 12:01:12",2023-12-18,77.4100167,28.6570633,1.4371045,317.0,1,1702872722,8
jaichand_globalassure,"2023-12-18 12:01:30",2023-12-18,77.41388,28.6521367,0.0,0.0,2,1702872722,64
jaichand_globalassure,"2023-12-18 12:02:03",2023-12-18,77.4132227,28.6522932,1.3373487,0.0,1,1702872722,8
jaichand_globalassure,"2023-12-18 12:02:15",2023-12-18,77.4132161,28.652025,2.1681864,179.99931,1,1702872722,8
jaichand_globalassure,"2023-12-18 12:02:24",2023-12-18,77.4139495,28.6527456,0.969215,0,2,1702872722,8
jaichand_globalassure,"2023-12-18 12:02:32",2023-12-18,77.4138527,28.6521145,1.8233244,180.0,1,1702872722,8
jaichand_globalassure,"2023-12-18 12:02:32",2023-12-18,77.4138527,28.6521145,1.8233244,180.0,1,1702872722,32
jaichand_globalassure,"2023-12-18 12:10:11",2023-12-18,77.4133533,28.651005,0.0,0.0,2,1702872722,0
jaichand_globalassure,"2023-12-18 12:10:41",2023-12-18,77.41406,28.6521267,4.71495,0.0,1,1702872722,32
jaichand_globalassure,"2023-12-18 12:11:46",2023-12-18,77.41513,28.6515033,1.9256824,0.0,1,1702872722,32
jaichand_globalassure,"2023-12-18 12:12:02",2023-12-18,77.4138783,28.65203,1.1226971,0.0,1,1702872722,32
jaichand_globalassure,"2023-12-18 12:12:20",2023-12-18,77.4141533,28.65194,1.0110599,0.0,1,1702872722,32
jaichand_globalassure,"2023-12-18 12:12:36",2023-12-18,77.4142117,28.6528283,1.5110509,0.0,1,1702872722,32
jaichand_globalassure,"2023-12-18 12:12:54",2023-12-18,77.41378,28.652035,0.7447885,0.0,2,1702872722,32
jaichand_globalassure,"2023-12-18 12:13:21",2023-12-18,77.4115583,28.6535283,1.7416531,0.0,1,1702872722,32
jaichand_globalassure,"2023-12-18 12:13:34",2023-12-18,77.409985,28.6548093,0.2602622,297.53998,2,1702872722,8
jaichand_globalassure,"2023-12-18 12:13:47",2023-12-18,77.4138033,28.6518833,0.1985568,0.0,2,1702872722,8
jaichand_globalassure,"2023-12-18 12:14:08",2023-12-18,77.4139615,28.6520584,1.5380147,43.54266,1,1702872722,32
jaichand_globalassure,"2023-12-18 12:14:47",2023-12-18,77.4133249,28.6519355,0.10927499,180.00002,2,1702872722,8
jaichand_globalassure,"2023-12-18 12:14:58",2023-12-18,77.4137537,28.6520037,3.235952,78.76038,1,1702872722,8
jaichand_globalassure,"2023-12-18 12:15:18",2023-12-18,77.4139159,28.6520771,0.93074983,80.01489,2,1702872722,8
jaichand_globalassure,"2023-12-18 12:15:18",2023-12-18,77.4139159,28.6520771,0.93074983,80.01489,2,1702872722,8
jaichand_globalassure,"2023-12-18 12:16:03",2023-12-18,77.4142123,28.6514272,2.0557182,179.99991,1,1702872722,32
jaichand_globalassure,"2023-12-18 12:16:58",2023-12-18,77.4140033,28.65206,0.08792977,0.0,2,1702872722,32
jaichand_globalassure,"2023-12-18 12:17:55",2023-12-18,77.4139967,28.652675,0.42696115,0.0,2,1702872722,32
jaichand_globalassure,"2023-12-18 12:18:08",2023-12-18,77.4138965,28.6524541,1.0474668,180.0,1,1702872722,32
jaichand_globalassure,"2023-12-18 12:18:22",2023-12-18,77.4133418,28.6531591,1.5520529,0.0,1,1702872722,32
jaichand_globalassure,"2023-12-18 12:18:38",2023-12-18,77.4139567,28.6521083,0.026467992,0.0,2,1702872722,32
jaichand_globalassure,"2023-12-18 12:18:52",2023-12-18,77.4134273,28.6517276,1.2961591,180.0,1,1702872722,32
jaichand_globalassure,"2023-12-18 12:19:05",2023-12-18,77.4124338,28.6514929,0.49531332,180.0,2,1702872722,32
jaichand_globalassure,"2023-12-18 12:19:20",2023-12-18,77.41285,28.6529717,0.5941515,0.0,2,1702872722,32
jaichand_globalassure,"2023-12-18 12:19:34",2023-12-18,77.4115238,28.6516275,1.4647772,180.0,1,1702872722,32
jaichand_globalassure,"2023-12-18 12:19:49",2023-12-18,77.413795,28.6519467,0.0689211,0.0,2,1702872722,32
jaichand_globalassure,"2023-12-18 12:20:06",2023-12-18,77.4140017,28.6521283,0.035259373,0.0,2,1702872722,32
jaichand_globalassure,"2023-12-18 12:20:39",2023-12-18,77.41448,28.653405,0.4896242,0.0,2,1702872722,32
jaichand_globalassure,"2023-12-18 12:20:55",2023-12-18,77.41385,28.6528417,0.25266072,0.0,2,1702872722,32
jaichand_globalassure,"2023-12-18 12:21:17",2023-12-18,77.413845,28.6524383,0.11324538,0.0,2,1702872722,32
jaichand_globalassure,"2023-12-18 12:21:45",2023-12-18,77.4139319,28.6521813,2.7411551,167.99545,1,1702872722,32
jaichand_globalassure,"2023-12-18 12:22:06",2023-12-18,77.4141308,28.652185,0.8481509,53.984104,2,1702872722,8
jaichand_globalassure,"2023-12-18 12:22:26",2023-12-18,77.4140661,28.6520586,1.2195096,197.97458,1,1702872722,8
jaichand_globalassure,"2023-12-18 12:22:50",2023-12-18,77.412285,28.6542117,12.088837,0.0,1,1702872722,8
jaichand_globalassure,"2023-12-18 12:23:06",2023-12-18,77.4141,28.6521447,0.25199208,0.0,2,1702872722,8
jaichand_globalassure,"2023-12-18 12:23:27",2023-12-18,77.41165,28.6536483,0.0,0.0,2,1702872722,32
jaichand_globalassure,"2023-12-18 12:23:36",2023-12-18,77.4126413,28.6529658,0.43366882,180.0,2,1702872722,32
jaichand_globalassure,"2023-12-18 12:23:46",2023-12-18,77.413093,28.6524475,3.4992583,179.99995,1,1702872722,32
jaichand_globalassure,"2023-12-18 12:23:52",2023-12-18,77.4137125,28.6522064,0.93220836,179.99995,2,1702872722,32
jaichand_globalassure,"2023-12-18 12:24:07",2023-12-18,77.4140245,28.6521582,0.22321822,179.9999,2,1702872722,32
jaichand_globalassure,"2023-12-18 12:24:42",2023-12-18,77.4138777,28.6519778,0.24576475,180.0,2,1702872722,8
jaichand_globalassure,"2023-12-18 12:24:47",2023-12-18,77.4137286,28.6516555,1.8579216,180.0,1,1702872722,8
jaichand_globalassure,"2023-12-18 12:24:54",2023-12-18,77.4124997,28.6519314,0.060496956,0.0,2,1702872722,8
jaichand_globalassure,"2023-12-18 12:25:07",2023-12-18,77.4122248,28.6519746,0.12236378,359.9984,2,1702872722,8
jaichand_globalassure,"2023-12-18 12:25:15",2023-12-18,77.4110215,28.6537483,6.7083054,359.99985,1,1702872722,32
jaichand_globalassure,"2023-12-18 12:25:26",2023-12-18,77.4141251,28.6520974,5.1058483,0.0,1,1702872722,32
jaichand_globalassure,"2023-12-18 12:26:00",2023-12-18,77.4131617,28.6552067,0.0,0.0,2,1702872722,1
jaichand_globalassure,"2023-12-18 12:26:12",2023-12-18,77.4118656,28.6538618,3.0923278,226.94078,1,1702872722,1
jaichand_globalassure,"2023-12-18 12:26:25",2023-12-18,77.4131817,28.6516217,15.423127,0.0,1,1702872722,1
jaichand_globalassure,"2023-12-18 12:26:38",2023-12-18,77.4142154,28.6526936,8.542383,31.000586,1,1702872722,1
jaichand_globalassure,"2023-12-18 12:26:48",2023-12-18,77.4144383,28.6531171,0.04617371,0.0,2,1702872722,1
jaichand_globalassure,"2023-12-18 12:26:58",2023-12-18,77.4148966,28.6531048,0.11139055,179.99973,2,1702872722,1
jaichand_globalassure,"2023-12-18 12:27:07",2023-12-18,77.4150294,28.652755,1.5493258,180.0,1,1702872722,1
jaichand_globalassure,"2023-12-18 12:27:17",2023-12-18,77.4150388,28.6526126,1.5468407,179.99307,1,1702872722,1
jaichand_globalassure,"2023-12-18 12:27:23",2023-12-18,77.4144942,28.6523203,1.4147512,180.00012,1,1702872722,1
jaichand_globalassure,"2023-12-18 12:27:37",2023-12-18,77.4128098,28.6513859,2.1692226,180.0,1,1702872722,1
jaichand_globalassure,"2023-12-18 12:27:47",2023-12-18,77.4127199,28.6511655,2.206338,180.04398,1,1702872722,1
jaichand_globalassure,"2023-12-18 12:27:57",2023-12-18,77.4127172,28.650975,2.1374454,180.60794,1,1702872722,1
jaichand_globalassure,"2023-12-18 12:28:15",2023-12-18,77.4182465,28.6523651,0.64684176,0,2,1702872722,1
jaichand_globalassure,"2023-12-18 12:28:28",2023-12-18,77.4185266,28.652256,0.1892006,180.0,2,1702872722,1
jaichand_globalassure,"2023-12-18 12:28:40",2023-12-18,77.4195231,28.6525433,0.73362935,39.290043,2,1702872722,1
jaichand_globalassure,"2023-12-18 12:28:53",2023-12-18,77.4204179,28.6525918,0.15264577,0.0013646492,2,1702872722,1
jaichand_globalassure,"2023-12-18 12:29:12",2023-12-18,77.4207007,28.6521883,4.3147116,0.0,1,1702872722,1
jaichand_globalassure,"2023-12-18 12:29:22",2023-12-18,77.418955,28.6503633,3.6422515,0.0,1,1702872722,32
jaichand_globalassure,"2023-12-18 12:29:33",2023-12-18,77.4206331,28.6522307,4.045364,0.0,1,1702872722,32
jaichand_globalassure,"2023-12-18 12:30:07",2023-12-18,77.420168,28.6515648,3.0418546,180.00018,1,1702872722,32
jaichand_globalassure,"2023-12-18 12:30:13",2023-12-18,77.4201673,28.6514042,3.0248535,180.0002,1,1702872722,32
jaichand_globalassure,"2023-12-18 12:30:23",2023-12-18,77.4206248,28.6520641,5.835407,40.11248,1,1702872722,32
jaichand_globalassure,"2023-12-18 12:30:33",2023-12-18,77.420627,28.6522642,1.6621838,0.00000964,1,1702872722,32
jaichand_globalassure,"2023-12-18 12:30:42",2023-12-18,77.420927,28.6523592,0.57603467,0,2,1702872722,32
jaichand_globalassure,"2023-12-18 12:30:53",2023-12-18,77.4211426,28.6524757,0.82657856,0.0000959,2,1702872722,32
jaichand_globalassure,"2023-12-18 12:31:03",2023-12-18,77.4205297,28.6523051,0.017806428,0.0,2,1702872722,128
jaichand_globalassure,"2023-12-18 12:31:26",2023-12-18,77.4209787,28.6524906,0.25592875,0.00031577,2,1702872722,32
jaichand_globalassure,"2023-12-18 12:31:45",2023-12-18,77.41894,28.652255,3.6491773,0.0,1,1702872722,32
jaichand_globalassure,"2023-12-18 12:32:02",2023-12-18,77.41842,28.6525283,3.5210683,0.0,1,1702872722,32
jaichand_globalassure,"2023-12-18 12:32:18",2023-12-18,77.4210683,28.6526783,0.888307,0.0,2,1702872722,32
jaichand_globalassure,"2023-12-18 12:32:33",2023-12-18,77.4203894,28.6522771,2.3629906,180.0,1,1702872722,32
jaichand_globalassure,"2023-12-18 12:32:45",2023-12-18,77.4204779,28.6526859,1.1367836,0.00000003,1,1702872722,32
jaichand_globalassure,"2023-12-18 12:32:58",2023-12-18,77.4195621,28.6528472,1.2393491,0.0,1,1702872722,32
jaichand_globalassure,"2023-12-18 12:33:11",2023-12-18,77.4199515,28.6524397,0.6879693,180.0,2,1702872722,32
jaichand_globalassure,"2023-12-18 12:33:23",2023-12-18,77.4200711,28.6522728,0.8958909,179.99983,2,1702872722,32
jaichand_globalassure,"2023-12-18 12:33:41",2023-12-18,77.4200719,28.6527275,1.4724376,0,1,1702872722,32
jaichand_globalassure,"2023-12-18 12:34:03",2023-12-18,77.4200802,28.65249,1.3516084,183.99316,1,1702872722,32
jaichand_globalassure,"2023-12-18 12:34:13",2023-12-18,77.4200931,28.6523191,1.6400988,178.74217,1,1702872722,8
jaichand_globalassure,"2023-12-18 12:34:26",2023-12-18,77.4197064,28.6514164,2.8034306,180.00005,1,1702872722,64
jaichand_globalassure,"2023-12-18 12:34:41",2023-12-18,77.4195977,28.651555,0.7649652,0.0,2,1702872722,64
jaichand_globalassure,"2023-12-18 12:34:55",2023-12-18,77.4196202,28.6517085,0.89151835,0.00000196,2,1702872722,64
jaichand_globalassure,"2023-12-18 12:35:10",2023-12-18,77.4200068,28.6523031,2.207965,0.00002675,1,1702872722,64
jaichand_globalassure,"2023-12-18 12:35:23",2023-12-18,77.4201221,28.6525707,2.1750956,0.00000855,1,1702872722,64
jaichand_globalassure,"2023-12-18 12:35:33",2023-12-18,77.4193258,28.650667,8.324645,0.0,1,1702872722,64
jaichand_globalassure,"2023-12-18 12:35:39",2023-12-18,77.419908,28.6514188,2.5539818,0.00001286,1,1702872722,64
jaichand_globalassure,"2023-12-18 12:35:51",2023-12-18,77.4206387,28.6523153,0.55541724,0.00001206,2,1702872722,64
jaichand_globalassure,"2023-12-18 12:36:07",2023-12-18,77.4208629,28.6519316,1.3889164,179.99998,1,1702872722,64
jaichand_globalassure,"2023-12-18 12:36:14",2023-12-18,77.4214496,28.6510419,4.758553,180.0,1,1702872722,64
jaichand_globalassure,"2023-12-18 12:36:24",2023-12-18,77.4175643,28.6520873,9.381184,0.0,1,1702872722,64
jaichand_globalassure,"2023-12-18 12:36:29",2023-12-18,77.417844,28.6518598,0.014905239,0.0,2,1702872722,64
jaichand_globalassure,"2023-12-18 12:36:44",2023-12-18,77.4181133,28.649815,9.717468,0.0,1,1702872722,64
jaichand_globalassure,"2023-12-18 12:36:56",2023-12-18,77.4191134,28.6506784,51.31818,46.84954,1,1702872722,8
jaichand_globalassure,"2023-12-18 12:37:04",2023-12-18,77.4192917,28.6508206,0.12260205,0.00000053,2,1702872722,8
jaichand_globalassure,"2023-12-18 12:37:10",2023-12-18,77.4197862,28.6517451,8.837368,0,1,1702872722,8
jaichand_globalassure,"2023-12-18 12:37:22",2023-12-18,77.4193655,28.6505498,5.1868925,180.0,1,1702872722,8
jaichand_globalassure,"2023-12-18 12:37:37",2023-12-18,77.4206721,28.6524196,0.0,297.7776,2,1702872722,8
jaichand_globalassure,"2023-12-18 12:37:52",2023-12-18,77.4194373,28.650848,0.582225,180.00006,2,1702872722,8
jaichand_globalassure,"2023-12-18 12:38:08",2023-12-18,77.420481,28.6521633,4.3743873,0.00025666,1,1702872722,8
jaichand_globalassure,"2023-12-18 12:38:14",2023-12-18,77.4205838,28.6522657,0.82966584,0,2,1702872722,8
jaichand_globalassure,"2023-12-18 12:38:52",2023-12-18,77.4205838,28.6522657,0.82966584,0,2,1702872722,8
jaichand_globalassure,"2023-12-18 12:39:52",2023-12-18,77.4202577,28.6513904,2.6088147,180.0,1,1702872722,8
jaichand_globalassure,"2023-12-18 12:40:04",2023-12-18,77.4204384,28.6519722,3.3761384,0.00002184,1,1702872722,8
jaichand_globalassure,"2023-12-18 12:40:14",2023-12-18,77.4208015,28.6523323,0.523598,0,2,1702872722,32
jaichand_globalassure,"2023-12-18 12:40:23",2023-12-18,77.4209578,28.6532478,2.9486861,0,1,1702872722,32
jaichand_globalassure,"2023-12-18 12:40:34",2023-12-18,77.4208524,28.6528922,2.9312541,180.00052,1,1702872722,8
jaichand_globalassure,"2023-12-18 12:40:39",2023-12-18,77.4204851,28.6530805,0.44344172,359.99878,2,1702872722,8
jaichand_globalassure,"2023-12-18 12:40:55",2023-12-18,77.4206034,28.6524523,3.0490367,169.06711,1,1702872722,8
jaichand_globalassure,"2023-12-18 12:41:05",2023-12-18,77.420656,28.6521866,0.10963335,115.8081,2,1702872722,8
jaichand_globalassure,"2023-12-18 12:41:05",2023-12-18,77.420656,28.6521866,0.10963335,115.8081,2,1702872722,8
jaichand_globalassure,"2023-12-18 12:42:15",2023-12-18,77.4191566,28.6511339,17.835142,232.33362,1,1702872722,8
jaichand_globalassure,"2023-12-18 12:42:29",2023-12-18,77.4205032,28.6537772,0.3201969,0,2,1702872722,8
jaichand_globalassure,"2023-12-18 12:42:43",2023-12-18,77.4207253,28.6523897,0.27293378,180.0,2,1702872722,8
jaichand_globalassure,"2023-12-18 12:43:11",2023-12-18,77.4204662,28.6521244,0.10125564,180.0,2,1702872722,8
jaichand_globalassure,"2023-12-18 12:43:24",2023-12-18,77.4199788,28.6516306,0.16052254,180.0,2,1702872722,8
jaichand_globalassure,"2023-12-18 12:44:01",2023-12-18,77.4198453,28.6522069,0.020218125,0.0,2,1702872722,8
jaichand_globalassure,"2023-12-18 12:44:15",2023-12-18,77.4205253,28.6521539,0.012861501,0.0,2,1702872722,8
jaichand_globalassure,"2023-12-18 12:44:29",2023-12-18,77.4205513,28.6524033,0.019403657,0.0,2,1702872722,8
jaichand_globalassure,"2023-12-18 12:44:41",2023-12-18,77.4205717,28.6521279,0.16240922,180.0,2,1702872722,8
jaichand_globalassure,"2023-12-18 12:44:54",2023-12-18,77.4201894,28.6516429,0.07647861,0.0,2,1702872722,8
jaichand_globalassure,"2023-12-18 12:45:08",2023-12-18,77.4207483,28.6522202,0.05773508,0.0,2,1702872722,8
jaichand_globalassure,"2023-12-18 12:45:20",2023-12-18,77.4209103,28.6526647,0.042516503,0.0,2,1702872722,8
jaichand_globalassure,"2023-12-18 12:45:36",2023-12-18,77.4206983,28.6523017,0.06805618,0.0,2,1702872722,8
jaichand_globalassure,"2023-12-18 12:45:48",2023-12-18,77.4215112,28.6533893,0.06453478,0.0,2,1702872722,8
jaichand_globalassure,"2023-12-18 12:46:03",2023-12-18,77.4205269,28.6527484,0.031133678,0.0,2,1702872722,8
jaichand_globalassure,"2023-12-18 12:46:20",2023-12-18,77.4206317,28.652115,0.11544179,0.0,2,1702872722,8
jaichand_globalassure,"2023-12-18 12:46:33",2023-12-18,77.420596,28.6523812,0.014055713,0.0,2,1702872722,8
jaichand_globalassure,"2023-12-18 12:46:45",2023-12-18,77.4205339,28.6526289,0.04277089,0.0,2,1702872722,8
jaichand_globalassure,"2023-12-18 12:46:59",2023-12-18,77.420716,28.6514783,0.1474008,180.0,2,1702872722,8
jaichand_globalassure,"2023-12-18 12:47:11",2023-12-18,77.4205518,28.6521212,0.0695016,0.0,2,1702872722,8
jaichand_globalassure,"2023-12-18 12:47:25",2023-12-18,77.4206765,28.6523289,0.016761387,0.0,2,1702872722,8
jaichand_globalassure,"2023-12-18 12:47:38",2023-12-18,77.42071,28.64489,2.0797012,0.0,1,1702872722,8
jaichand_globalassure,"2023-12-18 12:47:55",2023-12-18,77.42037,28.6516483,0.3878819,0.0,2,1702872722,32
jaichand_globalassure,"2023-12-18 12:48:01",2023-12-18,77.420552,28.6520066,0.060898226,0.0,2,1702872722,32
jaichand_globalassure,"2023-12-18 12:48:38",2023-12-18,77.4206572,28.652163,0.43567628,0.00000359,2,1702872722,8
jaichand_globalassure,"2023-12-18 12:49:10",2023-12-18,77.4203259,28.6525132,0.81444734,359.99997,2,1702872722,8
jaichand_globalassure,"2023-12-18 12:49:17",2023-12-18,77.4196436,28.6531198,1.7571073,0.0,1,1702872722,8
jaichand_globalassure,"2023-12-18 12:49:27",2023-12-18,77.4197463,28.6528955,1.4986621,179.9994,1,1702872722,8
jaichand_globalassure,"2023-12-18 12:49:32",2023-12-18,77.4202298,28.6525508,0.21355383,179.99997,2,1702872722,8
jaichand_globalassure,"2023-12-18 12:49:44",2023-12-18,77.4201153,28.6529634,1.7977532,0.0,1,1702872722,8
jaichand_globalassure,"2023-12-18 12:49:58",2023-12-18,77.4204841,28.6510658,5.724692,172.63612,1,1702872722,8
jaichand_globalassure,"2023-12-18 12:50:15",2023-12-18,77.4202114,28.6493348,2.125135,180.0,1,1702872722,32
jaichand_globalassure,"2023-12-18 12:50:31",2023-12-18,77.419585,28.6508917,3.3217168,0.0,1,1702872722,32
jaichand_globalassure,"2023-12-18 12:50:47",2023-12-18,77.4203294,28.6522629,1.7394537,0,1,1702872722,32
jaichand_globalassure,"2023-12-18 12:51:02",2023-12-18,77.4206189,28.652453,1.0445687,0.00007617,1,1702872722,8
jaichand_globalassure,"2023-12-18 12:51:18",2023-12-18,77.4206673,28.6522417,0.8644998,179.99998,2,1702872722,8
jaichand_globalassure,"2023-12-18 12:52:15",2023-12-18,77.4215567,28.6485783,6.070523,0.0,1,1702872722,8
jaichand_globalassure,"2023-12-18 12:52:21",2023-12-18,77.421003,28.6508934,2.2538822,0.0,1,1702872722,8
jaichand_globalassure,"2023-12-18 12:52:27",2023-12-18,77.4208181,28.6517235,0.96039873,0.0,2,1702872722,8
jaichand_globalassure,"2023-12-18 12:52:34",2023-12-18,77.420732,28.6520947,0.6064621,0.0,2,1702872722,8
jaichand_globalassure,"2023-12-18 12:52:58",2023-12-18,77.416015,28.6452717,27.810745,0.0,1,1702872722,8
jaichand_globalassure,"2023-12-18 12:53:05",2023-12-18,77.4187925,28.6493975,8.587336,0.0,1,1702872722,8
jaichand_globalassure,"2023-12-18 12:53:15",2023-12-18,77.4206612,28.6521191,0.97549504,0.0,2,1702872722,8
jaichand_globalassure,"2023-12-18 12:53:35",2023-12-18,77.4207864,28.6523373,0.46950164,0.00005738,2,1702872722,32
jaichand_globalassure,"2023-12-18 12:53:48",2023-12-18,77.4175604,28.652088,15.24721,0.0,1,1702872722,32
jaichand_globalassure,"2023-12-18 12:54:04",2023-12-18,77.4207596,28.652413,0.32111076,80.10946,2,1702872722,8
jaichand_globalassure,"2023-12-18 12:54:22",2023-12-18,77.4191883,28.6474067,33.13887,0.0,1,1702872722,8
jaichand_globalassure,"2023-12-18 12:54:37",2023-12-18,77.4207467,28.6523417,0.24450581,0.0,2,1702872722,8
jaichand_globalassure,"2023-12-18 12:54:51",2023-12-18,77.4206772,28.652215,1.3065004,216.03696,1,1702872722,8
jaichand_globalassure,"2023-12-18 12:55:05",2023-12-18,77.4186883,28.64894,0.0,0.0,2,1702872722,8
jaichand_globalassure,"2023-12-18 12:55:35",2023-12-18,77.4139467,28.6456267,19.673819,0.0,1,1702872722,32
jaichand_globalassure,"2023-12-18 12:55:43",2023-12-18,77.419473,28.6501996,4.2195516,0.0,1,1702872722,32
jaichand_globalassure,"2023-12-18 12:56:03",2023-12-18,77.4207633,28.652425,0.2640525,10.0,2,1702872722,32
jaichand_globalassure,"2023-12-18 12:56:18",2023-12-18,77.4207138,28.6522284,1.3920671,188.16782,1,1702872722,32
jaichand_globalassure,"2023-12-18 12:56:35",2023-12-18,77.42497,28.64134,40.39299,0.0,1,1702872722,32
jaichand_globalassure,"2023-12-18 12:56:49",2023-12-18,77.4206438,28.6521289,0.032861177,0.0,2,1702872722,32
jaichand_globalassure,"2023-12-18 12:57:03",2023-12-18,77.4206151,28.6523244,0.2649862,179.99998,2,1702872722,32
jaichand_globalassure,"2023-12-18 12:57:33",2023-12-18,77.4208273,28.6524774,0.0078481855,0.0,2,1702872722,8
jaichand_globalassure,"2023-12-18 12:57:49",2023-12-18,77.4206602,28.6524866,0.8977814,338.76923,2,1702872722,8
jaichand_globalassure,"2023-12-18 12:57:49",2023-12-18,77.4206602,28.6524866,0.8977814,338.76923,2,1702872722,8
jaichand_globalassure,"2023-12-18 12:58:30",2023-12-18,77.4202038,28.6529057,0.4494816,359.99997,2,1702872722,8
jaichand_globalassure,"2023-12-18 12:58:48",2023-12-18,77.4202867,28.652695,1.238438,0.0,1,1702872722,8
jaichand_globalassure,"2023-12-18 12:59:09",2023-12-18,77.4197767,28.6521667,1.8933419,0.0,1,1702872722,8
jaichand_globalassure,"2023-12-18 12:59:30",2023-12-18,77.417895,28.65515,4.997663,0.0,1,1702872722,8
jaichand_globalassure,"2023-12-18 13:00:01",2023-12-18,77.4171667,28.655645,4.424151,0.0,1,1702872722,8
jaichand_globalassure,"2023-12-18 13:00:24",2023-12-18,77.4124033,28.6546867,6.3944845,0.0,1,1702872722,8
jaichand_globalassure,"2023-12-18 13:00:56",2023-12-18,77.415315,28.6532633,3.2664611,0.0,1,1702872722,8
jaichand_globalassure,"2023-12-18 13:01:23",2023-12-18,77.4147817,28.6531967,3.0650628,0.0,1,1702872722,8
jaichand_globalassure,"2023-12-18 13:01:38",2023-12-18,77.4145683,28.653345,2.9464357,0.0,1,1702872722,8
jaichand_globalassure,"2023-12-18 13:01:53",2023-12-18,77.4139002,28.6534542,0.13310097,0.0,2,1702872722,8
jaichand_globalassure,"2023-12-18 13:02:09",2023-12-18,77.4149533,28.6532283,2.399898,0.0,1,1702872722,8
jaichand_globalassure,"2023-12-18 13:02:29",2023-12-18,77.415245,28.6532533,2.10123,0.0,1,1702872722,8
jaichand_globalassure,"2023-12-18 13:02:52",2023-12-18,77.41666,28.6527233,1.4243538,0.0,1,1702872722,8
jaichand_globalassure,"2023-12-18 13:03:14",2023-12-18,77.42228,28.6440683,3.1864693,0.0,1,1702872722,8
jaichand_globalassure,"2023-12-18 13:03:50",2023-12-18,77.4150217,28.6533268,1.6659586,0.0,1,1702872722,8
jaichand_globalassure,"2023-12-18 13:05:11",2023-12-18,77.4148889,28.6534819,0.5569616,0.0,2,1702872722,32
jaichand_globalassure,"2023-12-18 13:05:41",2023-12-18,77.4149479,28.6533554,0.713791,157.07607,2,1702872722,32
jaichand_globalassure,"2023-12-18 13:06:11",2023-12-18,77.415763,28.6528929,0.7610276,179.99995,2,1702872722,8
jaichand_globalassure,"2023-12-18 13:06:18",2023-12-18,77.4151189,28.6533409,0.09495534,0.0,2,1702872722,8
jaichand_globalassure,"2023-12-18 13:06:34",2023-12-18,77.4154418,28.6529287,2.9175599,179.99998,1,1702872722,8
jaichand_globalassure,"2023-12-18 13:06:41",2023-12-18,77.4153501,28.6531416,0.031445775,0.0,2,1702872722,8
jaichand_globalassure,"2023-12-18 13:06:51",2023-12-18,77.4150711,28.6532798,0.108031094,0.0,2,1702872722,8
jaichand_globalassure,"2023-12-18 13:07:11",2023-12-18,77.4151223,28.6534116,0.0149297705,0.0,2,1702872722,8
jaichand_globalassure,"2023-12-18 13:07:32",2023-12-18,77.4152911,28.6534706,0.023699373,0.0,2,1702872722,8
jaichand_globalassure,"2023-12-18 13:07:41",2023-12-18,77.415593,28.6535377,0.050158232,0.0,2,1702872722,8
jaichand_globalassure,"2023-12-18 13:07:51",2023-12-18,77.4154037,28.6533814,0.0036513465,0.0,2,1702872722,8
jaichand_globalassure,"2023-12-18 13:08:01",2023-12-18,77.415465,28.6532157,0.80942845,179.99998,2,1702872722,8
jaichand_globalassure,"2023-12-18 13:08:31",2023-12-18,77.4149995,28.6533959,0.98617435,307.25494,2,1702872722,32
jaichand_globalassure,"2023-12-18 13:09:09",2023-12-18,77.41827,28.6489,0.0,0.0,2,1702872722,8
jaichand_globalassure,"2023-12-18 13:09:31",2023-12-18,77.4150756,28.6533173,25.738958,0.0,1,1702872722,8
jaichand_globalassure,"2023-12-18 13:09:41",2023-12-18,77.415146,28.6531721,1.0049477,156.96217,1,1702872722,8
jaichand_globalassure,"2023-12-18 13:10:33",2023-12-18,77.4151955,28.6528641,0.0,0.0,2,1702872722,8
jaichand_globalassure,"2023-12-18 13:11:31",2023-12-18,77.4151244,28.653554,1.3154172,0.0,1,1702872722,8
jaichand_globalassure,"2023-12-18 13:11:42",2023-12-18,77.4147667,28.661935,14.606144,0.0,1,1702872722,8
jaichand_globalassure,"2023-12-18 13:12:18",2023-12-18,77.4147667,28.661935,14.606144,0.0,1,1702872722,8
jaichand_globalassure,"2023-12-18 13:13:18",2023-12-18,77.4151033,28.6541133,0.0,0.0,2,1702872722,32
jaichand_globalassure,"2023-12-18 13:13:27",2023-12-18,77.4149917,28.6533842,3.8204768,187.65294,1,1702872722,32
jaichand_globalassure,"2023-12-18 13:14:08",2023-12-18,77.4150173,28.6531623,2.2176986,174.51662,1,1702872722,32
jaichand_globalassure,"2023-12-18 13:14:18",2023-12-18,77.4150318,28.6533096,0.49360868,19.780603,2,1702872722,32
jaichand_globalassure,"2023-12-18 13:14:48",2023-12-18,77.4149182,28.6531287,2.2295048,216.27364,1,1702872722,32
jaichand_globalassure,"2023-12-18 13:14:58",2023-12-18,77.4145439,28.6525853,5.4256973,211.85417,1,1702872722,8
jaichand_globalassure,"2023-12-18 13:15:07",2023-12-18,77.4141496,28.6521833,8.349886,222.38521,1,1702872722,8
jaichand_globalassure,"2023-12-18 13:15:18",2023-12-18,77.4146166,28.6521424,3.5665803,101.211655,1,1702872722,8
jaichand_globalassure,"2023-12-18 13:15:29",2023-12-18,77.4147358,28.6529368,8.752723,31.892931,1,1702872722,8
jaichand_globalassure,"2023-12-18 13:15:43",2023-12-18,77.4140968,28.6526723,12.192868,243.48833,1,1702872722,8
jaichand_globalassure,"2023-12-18 13:16:04",2023-12-18,77.4138508,28.6519832,17.132618,196.99402,1,1702872722,8
jaichand_globalassure,"2023-12-18 13:16:19",2023-12-18,77.4143251,28.6521807,5.167248,63.191338,1,1702872722,8
jaichand_globalassure,"2023-12-18 13:16:44",2023-12-18,77.41469,28.6524817,0.17349476,0.0,2,1702872722,64
jaichand_globalassure,"2023-12-18 13:17:17",2023-12-18,77.412585,28.651255,1.7384926,0.0,1,1702872722,64
jaichand_globalassure,"2023-12-18 13:17:42",2023-12-18,77.4135117,28.6517683,0.82965934,0.0,2,1702872722,64
jaichand_globalassure,"2023-12-18 13:19:20",2023-12-18,77.4144334,28.651162,0.6049427,0.0,2,1702872722,64
jaichand_globalassure,"2023-12-18 13:19:40",2023-12-18,77.4143085,28.6514,0.102522455,335.26886,2,1702872722,64
jaichand_globalassure,"2023-12-18 13:19:50",2023-12-18,77.414427,28.651515,0.19399087,15.528351,2,1702872722,64
jaichand_globalassure,"2023-12-18 13:20:10",2023-12-18,77.4137902,28.6520349,0.306549,0.0,2,1702872722,64
jaichand_globalassure,"2023-12-18 13:20:27",2023-12-18,77.413753,28.6518444,1.23118,187.25237,1,1702872722,64
jaichand_globalassure,"2023-12-18 13:20:36",2023-12-18,77.4130312,28.65062,13.894553,206.84415,1,1702872722,64
jaichand_globalassure,"2023-12-18 13:20:47",2023-12-18,77.4127209,28.6500847,7.901523,206.90115,1,1702872722,64
jaichand_globalassure,"2023-12-18 13:20:52",2023-12-18,77.4136103,28.6514282,3.376584,35.880234,1,1702872722,64
jaichand_globalassure,"2023-12-18 13:20:58",2023-12-18,77.4137736,28.6516569,3.7715364,34.531784,1,1702872722,64
jaichand_globalassure,"2023-12-18 13:21:11",2023-12-18,77.4139412,28.6518459,3.0924876,35.456013,1,1702872722,64
jaichand_globalassure,"2023-12-18 13:21:29",2023-12-18,77.4138492,28.6519568,1.134617,329.2463,1,1702872722,64
jaichand_globalassure,"2023-12-18 13:21:39",2023-12-18,77.4135484,28.6512992,1.9117537,205.04431,1,1702872722,64
jaichand_globalassure,"2023-12-18 13:21:47",2023-12-18,77.413845,28.6516696,2.3301384,39.255486,1,1702872722,64
jaichand_globalassure,"2023-12-18 13:22:01",2023-12-18,77.4140477,28.6519164,2.5188706,37.59868,1,1702872722,8
jaichand_globalassure,"2023-12-18 13:22:12",2023-12-18,77.4138143,28.6520183,2.1780248,297.26315,1,1702872722,8
jaichand_globalassure,"2023-12-18 13:22:35",2023-12-18,77.41465,28.652095,2.5089343,0.0,1,1702872722,8
jaichand_globalassure,"2023-12-18 13:22:49",2023-12-18,77.4143685,28.6525338,3.6938286,330.62717,1,1702872722,8
jaichand_globalassure,"2023-12-18 13:23:04",2023-12-18,77.4156641,28.6518789,10.191903,119.893295,1,1702872722,8
jaichand_globalassure,"2023-12-18 13:23:17",2023-12-18,77.4145825,28.6517558,7.8597827,262.37335,1,1702872722,8
jaichand_globalassure,"2023-12-18 13:23:54",2023-12-18,77.4139633,28.652055,0.6915652,0.0,2,1702872722,8
jaichand_globalassure,"2023-12-18 13:24:31",2023-12-18,77.4142217,28.6506033,0.5896291,0.0,2,1702872722,8
jaichand_globalassure,"2023-12-18 13:25:04",2023-12-18,77.4136783,28.65159,0.16955121,0.0,2,1702872722,8
jaichand_globalassure,"2023-12-18 13:25:24",2023-12-18,77.41388,28.6520617,0.40283173,0.0,2,1702872722,8
jaichand_globalassure,"2023-12-18 13:25:56",2023-12-18,77.4141747,28.6521852,2.3468275,56.03016,1,1702872722,8
jaichand_globalassure,"2023-12-18 13:26:00",2023-12-18,77.4135168,28.6538061,22.209253,342.9499,1,1702872722,8
jaichand_globalassure,"2023-12-18 13:26:05",2023-12-18,77.413455,28.6539617,8.603673,342.21188,1,1702872722,8
jaichand_globalassure,"2023-12-18 13:26:16",2023-12-18,77.4137151,28.6527939,8.862414,169.83449,1,1702872722,8
jaichand_globalassure,"2023-12-18 13:26:22",2023-12-18,77.4138919,28.6521107,11.801343,168.18385,1,1702872722,8
jaichand_globalassure,"2023-12-18 13:26:27",2023-12-18,77.4139283,28.6518304,9.430991,169.84805,1,1702872722,8
jaichand_globalassure,"2023-12-18 13:26:39",2023-12-18,77.4139656,28.6519717,1.5728877,149.20248,1,1702872722,8
jaichand_globalassure,"2023-12-18 13:27:00",2023-12-18,77.4139513,28.6521621,2.4434464,8.927352,1,1702872722,32
jaichand_globalassure,"2023-12-18 13:27:32",2023-12-18,77.4133112,28.6513758,5.64989,180.00003,1,1702872722,8
jaichand_globalassure,"2023-12-18 13:27:46",2023-12-18,77.4135972,28.6519548,4.416141,0,1,1702872722,8
jaichand_globalassure,"2023-12-18 13:27:58",2023-12-18,77.4137262,28.6521099,1.899644,0.00007835,1,1702872722,8
jaichand_globalassure,"2023-12-18 13:28:06",2023-12-18,77.413992,28.6521929,0.03648758,0.0,2,1702872722,8
jaichand_globalassure,"2023-12-18 13:28:16",2023-12-18,77.4138918,28.6518989,0.24125868,180.0,2,1702872722,8
jaichand_globalassure,"2023-12-18 13:28:30",2023-12-18,77.4130071,28.6516304,0.7492389,180.00037,2,1702872722,8
jaichand_globalassure,"2023-12-18 13:28:43",2023-12-18,77.4134983,28.6516076,0.011573339,0.0,2,1702872722,8
jaichand_globalassure,"2023-12-18 13:28:56",2023-12-18,77.4137963,28.6516066,0.0018422417,0.0,2,1702872722,8
jaichand_globalassure,"2023-12-18 13:29:07",2023-12-18,77.4131002,28.6509708,0.036723815,0.0,2,1702872722,8
jaichand_globalassure,"2023-12-18 13:29:21",2023-12-18,77.4135358,28.6514146,1.2247571,134.68564,1,1702872722,8
jaichand_globalassure,"2023-12-18 13:29:30",2023-12-18,77.4139489,28.6523192,3.1544044,0.00000422,1,1702872722,8
jaichand_globalassure,"2023-12-18 13:29:41",2023-12-18,77.4140832,28.6521259,2.1563778,147.01067,1,1702872722,32
jaichand_globalassure,"2023-12-18 13:29:47",2023-12-18,77.4131126,28.6511333,4.1991606,180.00014,1,1702872722,32
jaichand_globalassure,"2023-12-18 13:30:00",2023-12-18,77.4134076,28.6513527,3.248636,49.7027,1,1702872722,32
jaichand_globalassure,"2023-12-18 13:30:11",2023-12-18,77.4138095,28.6519071,5.489312,36.569786,1,1702872722,32
jaichand_globalassure,"2023-12-18 13:30:21",2023-12-18,77.4130015,28.6527659,2.8603458,359.9999,1,1702872722,32
jaichand_globalassure,"2023-12-18 13:30:30",2023-12-18,77.4131228,28.6524489,2.6989996,178.70296,1,1702872722,32
jaichand_globalassure,"2023-12-18 13:30:41",2023-12-18,77.4136831,28.652224,4.8591127,118.40701,1,1702872722,32
jaichand_globalassure,"2023-12-18 13:30:50",2023-12-18,77.413841,28.6519195,4.109717,144.06157,1,1702872722,32
jaichand_globalassure,"2023-12-18 13:31:10",2023-12-18,77.4139151,28.652041,0.6762905,88.44922,2,1702872722,32
jaichand_globalassure,"2023-12-18 13:31:29",2023-12-18,77.4137438,28.6519551,0.07855991,0.0,2,1702872722,32
jaichand_globalassure,"2023-12-18 13:31:47",2023-12-18,77.4124433,28.6499733,0.0,0.0,2,1702872722,32
jaichand_globalassure,"2023-12-18 13:32:00",2023-12-18,77.4139009,28.6521096,20.587194,0.0,1,1702872722,32
jaichand_globalassure,"2023-12-18 13:32:05",2023-12-18,77.4135041,28.6517255,1.2713518,180.00003,1,1702872722,32
jaichand_globalassure,"2023-12-18 13:32:20",2023-12-18,77.4137104,28.651933,2.0417879,43.78678,1,1702872722,32
jaichand_globalassure,"2023-12-18 13:32:29",2023-12-18,77.4132154,28.6513768,1.2893318,180.00014,1,1702872722,32
jaichand_globalassure,"2023-12-18 13:32:41",2023-12-18,77.4134177,28.6517178,3.208666,27.050882,1,1702872722,32
jaichand_globalassure,"2023-12-18 13:32:50",2023-12-18,77.4136724,28.6519531,3.739499,39.767597,1,1702872722,32
jaichand_globalassure,"2023-12-18 13:32:58",2023-12-18,77.4132969,28.6522691,1.6109651,359.99994,1,1702872722,32
jaichand_globalassure,"2023-12-18 13:33:11",2023-12-18,77.4135526,28.6520929,2.4590578,127.20886,1,1702872722,32
jaichand_globalassure,"2023-12-18 13:33:20",2023-12-18,77.4138223,28.6521271,2.6801748,94.56054,1,1702872722,32
jaichand_globalassure,"2023-12-18 13:33:32",2023-12-18,77.4138955,28.6518795,0.36474,179.99971,2,1702872722,32
jaichand_globalassure,"2023-12-18 13:33:49",2023-12-18,77.4136959,28.6521104,0.83877,359.99988,2,1702872722,32
jaichand_globalassure,"2023-12-18 13:34:10",2023-12-18,77.4137838,28.6519227,1.3083708,180.0,1,1702872722,32
jaichand_globalassure,"2023-12-18 13:34:30",2023-12-18,77.4138392,28.6521606,1.3158664,4.6639137,1,1702872722,32
jaichand_globalassure,"2023-12-18 13:34:42",2023-12-18,77.4134485,28.652026,0.7676788,0.00016958,2,1702872722,32
jaichand_globalassure,"2023-12-18 13:34:52",2023-12-18,77.4138786,28.6521779,4.0100007,69.133194,1,1702872722,32
jaichand_globalassure,"2023-12-18 13:35:02",2023-12-18,77.4139682,28.6518969,0.51365465,0.00065216,2,1702872722,32
jaichand_globalassure,"2023-12-18 13:35:12",2023-12-18,77.4140532,28.65217,2.3874743,17.179075,1,1702872722,32
jaichand_globalassure,"2023-12-18 13:35:22",2023-12-18,77.4140379,28.6523156,1.7255877,0.00000242,1,1702872722,32
jaichand_globalassure,"2023-12-18 13:35:32",2023-12-18,77.4146439,28.6518284,1.6237588,179.99956,1,1702872722,32
jaichand_globalassure,"2023-12-18 13:35:42",2023-12-18,77.4143019,28.651895,2.7763877,270.12842,1,1702872722,32
jaichand_globalassure,"2023-12-18 13:35:47",2023-12-18,77.4138973,28.6522715,2.606557,359.99985,1,1702872722,32
jaichand_globalassure,"2023-12-18 13:36:02",2023-12-18,77.4140705,28.6523396,1.4347209,73.80142,1,1702872722,32
jaichand_globalassure,"2023-12-18 13:36:09",2023-12-18,77.411035,28.651435,6.5682673,0.0,1,1702872722,32
jaichand_globalassure,"2023-12-18 13:36:32",2023-12-18,77.41367,28.6518317,0.9272636,0.0,2,1702872722,32
jaichand_globalassure,"2023-12-18 13:36:53",2023-12-18,77.4139784,28.6519859,1.937554,37.672596,1,1702872722,32
jaichand_globalassure,"2023-12-18 13:37:02",2023-12-18,77.4140548,28.6524282,3.2095006,0.00002621,1,1702872722,32
jaichand_globalassure,"2023-12-18 13:37:13",2023-12-18,77.4139838,28.6521402,1.1849452,206.15843,1,1702872722,32
jaichand_globalassure,"2023-12-18 13:37:23",2023-12-18,77.4141222,28.6522923,0.8620866,52.979362,2,1702872722,8
jaichand_globalassure,"2023-12-18 13:37:48",2023-12-18,77.4139644,28.6520781,0.02933457,0.0,2,1702872722,8
jaichand_globalassure,"2023-12-18 13:38:02",2023-12-18,77.4138271,28.6519817,0.267092,180.00053,2,1702872722,8
jaichand_globalassure,"2023-12-18 13:39:44",2023-12-18,77.4138271,28.6519817,0.267092,180.00053,2,1702872722,8
jaichand_globalassure,"2023-12-18 13:40:44",2023-12-18,77.4138532,28.6517987,0.77822024,180.0,2,1702872722,1
jaichand_globalassure,"2023-12-18 13:40:48",2023-12-18,77.4130803,28.6527805,5.0309305,359.99994,1,1702872722,1
jaichand_globalassure,"2023-12-18 13:40:54",2023-12-18,77.4130768,28.6530248,4.9723635,359.99994,1,1702872722,1
jaichand_globalassure,"2023-12-18 13:41:01",2023-12-18,77.4093183,28.6509667,2.247667,0.0,1,1702872722,1
jaichand_globalassure,"2023-12-18 13:41:17",2023-12-18,77.412355,28.651915,0.75880104,0.0,2,1702872722,1
jaichand_globalassure,"2023-12-18 13:41:29",2023-12-18,77.4128162,28.6514554,1.7629341,242.97487,1,1702872722,1
jaichand_globalassure,"2023-12-18 13:41:42",2023-12-18,77.4121116,28.6516457,6.2043457,286.10962,1,1702872722,1
jaichand_globalassure,"2023-12-18 13:41:54",2023-12-18,77.4113254,28.6520433,7.1839137,299.17786,1,1702872722,1
jaichand_globalassure,"2023-12-18 13:42:04",2023-12-18,77.4098344,28.6534125,4.630839,359.99997,1,1702872722,1
jaichand_globalassure,"2023-12-18 13:42:12",2023-12-18,77.40749,28.654615,2.4078398,0.0,1,1702872722,1
jaichand_globalassure,"2023-12-18 13:42:28",2023-12-18,77.4077025,28.6541688,0.58416694,179.99998,2,1702872722,1
jaichand_globalassure,"2023-12-18 13:42:42",2023-12-18,77.4073058,28.6527262,0.41503906,180.00002,2,1702872722,1
jaichand_globalassure,"2023-12-18 13:42:58",2023-12-18,77.4082307,28.6532207,0.24657965,0.00000071,2,1702872722,1
jaichand_globalassure,"2023-12-18 13:43:11",2023-12-18,77.4071308,28.6535286,5.696281,22.16367,1,1702872722,1
jaichand_globalassure,"2023-12-18 13:43:23",2023-12-18,77.4090267,28.6560683,14.069417,1.0,1,1702872722,1
jaichand_globalassure,"2023-12-18 13:43:34",2023-12-18,77.4092651,28.657349,12.965765,5.2973585,1,1702872722,1
jaichand_globalassure,"2023-12-18 13:43:43",2023-12-18,77.4093765,28.6580994,11.690117,3.3603845,1,1702872722,1
jaichand_globalassure,"2023-12-18 13:43:57",2023-12-18,77.4100732,28.6593365,10.912934,25.941828,1,1702872722,32
jaichand_globalassure,"2023-12-18 13:44:06",2023-12-18,77.4054936,28.6542923,2.194464,0.0,1,1702872722,32
jaichand_globalassure,"2023-12-18 13:44:17",2023-12-18,77.4091667,28.661505,12.883603,0.0,1,1702872722,32
jaichand_globalassure,"2023-12-18 13:44:23",2023-12-18,77.4092225,28.6630693,7.7219853,0.00000002,1,1702872722,32
jaichand_globalassure,"2023-12-18 13:44:36",2023-12-18,77.4066283,28.6640833,0.0,0.0,2,1702872722,32
jaichand_globalassure,"2023-12-18 13:44:54",2023-12-18,77.4044626,28.6647101,0.76961005,0.0,2,1702872722,1
jaichand_globalassure,"2023-12-18 13:45:12",2023-12-18,77.4066033,28.67053,13.270054,7.0,1,1702872722,1
jaichand_globalassure,"2023-12-18 13:45:26",2023-12-18,77.406787,28.6718021,9.5208235,7.2196856,1,1702872722,1
jaichand_globalassure,"2023-12-18 13:45:37",2023-12-18,77.4111117,28.6708383,17.46213,0.0,1,1702872722,1
jaichand_globalassure,"2023-12-18 13:45:46",2023-12-18,77.4085467,28.6707417,5.6268654,0.0,1,1702872722,1
jaichand_globalassure,"2023-12-18 13:46:00",2023-12-18,77.40731,28.6717442,3.0354013,359.99997,1,1702872722,1
jaichand_globalassure,"2023-12-18 13:46:06",2023-12-18,77.4073091,28.6719023,2.9926095,359.99997,1,1702872722,1
jaichand_globalassure,"2023-12-18 13:46:18",2023-12-18,77.4073083,28.6721955,2.8975348,359.8791,1,1702872722,1
jaichand_globalassure,"2023-12-18 13:46:26",2023-12-18,77.4067853,28.6713565,1.2254131,180.00021,1,1702872722,1
jaichand_globalassure,"2023-12-18 13:46:44",2023-12-18,77.41139,28.6714783,1.142267,0.0,1,1702872722,1
jaichand_globalassure,"2023-12-18 13:47:05",2023-12-18,77.4114893,28.67163,0.7146912,0.00006124,2,1702872722,1
jaichand_globalassure,"2023-12-18 13:47:36",2023-12-18,77.4114911,28.6717992,0.59022295,0.2619899,2,1702872722,1
jaichand_globalassure,"2023-12-18 13:47:46",2023-12-18,77.40832,28.672065,0.9893147,0.0,2,1702872722,1
jaichand_globalassure,"2023-12-18 13:48:19",2023-12-18,77.41137,28.6709083,2.9428296,0.0,1,1702872722,1
jaichand_globalassure,"2023-12-18 13:48:36",2023-12-18,77.4103951,28.6720456,2.0043128,359.99976,1,1702872722,1
jaichand_globalassure,"2023-12-18 13:48:46",2023-12-18,77.4103536,28.6722533,2.0394785,359.97513,1,1702872722,1
jaichand_globalassure,"2023-12-18 13:48:56",2023-12-18,77.4103523,28.672429,1.980602,359.69586,1,1702872722,1
jaichand_globalassure,"2023-12-18 13:49:06",2023-12-18,77.4117644,28.6718193,0.9584016,179.99997,2,1702872722,1
jaichand_globalassure,"2023-12-18 13:49:15",2023-12-18,77.4122835,28.671822,0.3012,179.99983,2,1702872722,1
jaichand_globalassure,"2023-12-18 13:49:55",2023-12-18,77.404365,28.6697433,5.2687283,0.0,1,1702872722,1
jaichand_globalassure,"2023-12-18 13:50:08",2023-12-18,77.407785,28.6715883,2.3885171,0.0,1,1702872722,1
jaichand_globalassure,"2023-12-18 13:50:22",2023-12-18,77.4078904,28.6727013,2.5701988,0.00001798,1,1702872722,1
jaichand_globalassure,"2023-12-18 13:50:28",2023-12-18,77.4078906,28.6728454,2.561569,0.00001834,1,1702872722,1
jaichand_globalassure,"2023-12-18 13:50:35",2023-12-18,77.4066604,28.6731833,1.5442624,359.9989,1,1702872722,1
jaichand_globalassure,"2023-12-18 13:50:53",2023-12-18,77.4035367,28.67325,8.867593,0.0,1,1702872722,1
jaichand_globalassure,"2023-12-18 13:51:14",2023-12-18,77.4096233,28.6736567,7.4976144,0.0,1,1702872722,2
jaichand_globalassure,"2023-12-18 13:51:30",2023-12-18,77.4116127,28.6736779,0.009237234,0.0,2,1702872722,2
jaichand_globalassure,"2023-12-18 13:51:45",2023-12-18,77.4140433,28.672825,0.0,0.0,2,1702872722,1
jaichand_globalassure,"2023-12-18 13:52:04",2023-12-18,77.4145459,28.673449,8.155202,35.926273,1,1702872722,1
jaichand_globalassure,"2023-12-18 13:52:14",2023-12-18,77.410085,28.669525,18.589163,0.0,1,1702872722,1
jaichand_globalassure,"2023-12-18 13:52:22",2023-12-18,77.4134417,28.67399,6.8193865,0.0,1,1702872722,1
jaichand_globalassure,"2023-12-18 13:52:34",2023-12-18,77.4161195,28.6743026,6.0151424,0.0,1,1702872722,1
jaichand_globalassure,"2023-12-18 13:52:43",2023-12-18,77.4165123,28.6745712,0.005106001,0.0,2,1702872722,1
jaichand_globalassure,"2023-12-18 13:52:50",2023-12-18,77.4162623,28.6748957,0.2646248,359.99994,2,1702872722,1
jaichand_globalassure,"2023-12-18 13:53:04",2023-12-18,77.4166633,28.6750988,4.352633,62.02173,1,1702872722,1
jaichand_globalassure,"2023-12-18 13:53:13",2023-12-18,77.4163566,28.6746807,1.104285,179.99997,1,1702872722,1
jaichand_globalassure,"2023-12-18 13:53:21",2023-12-18,77.4084217,28.6765117,21.287685,0.0,1,1702872722,1
jaichand_globalassure,"2023-12-18 13:53:34",2023-12-18,77.4172417,28.6749133,1.5713147,0.0,1,1702872722,1
jaichand_globalassure,"2023-12-18 13:53:44",2023-12-18,77.4172639,28.6752965,3.1503522,0.00000015,1,1702872722,1
jaichand_globalassure,"2023-12-18 13:53:53",2023-12-18,77.4160954,28.6734876,11.322553,180.00003,1,1702872722,1
jaichand_globalassure,"2023-12-18 13:54:02",2023-12-18,77.4184633,28.676075,8.359604,48.0,1,1702872722,1
jaichand_globalassure,"2023-12-18 13:54:13",2023-12-18,77.4191592,28.6764907,7.718858,54.37747,1,1702872722,1
jaichand_globalassure,"2023-12-18 13:54:24",2023-12-18,77.4194269,28.6766834,6.263094,52.592327,1,1702872722,1
jaichand_globalassure,"2023-12-18 13:54:34",2023-12-18,77.4204904,28.6779143,12.104919,38.79986,1,1702872722,1
jaichand_globalassure,"2023-12-18 13:54:43",2023-12-18,77.4211319,28.6786147,11.682526,38.79054,1,1702872722,1
jaichand_globalassure,"2023-12-18 13:54:53",2023-12-18,77.4198423,28.6768779,1.6628748,180.00002,1,1702872722,1
jaichand_globalassure,"2023-12-18 13:55:03",2023-12-18,77.4229544,28.6802241,2.096449,48.959904,1,1702872722,1
jaichand_globalassure,"2023-12-18 13:55:10",2023-12-18,77.4226885,28.6797062,1.1957514,180.0,1,1702872722,1
jaichand_globalassure,"2023-12-18 13:55:24",2023-12-18,77.4227087,28.679514,1.4520339,180.0,1,1702872722,1
jaichand_globalassure,"2023-12-18 13:55:34",2023-12-18,77.4185517,28.679985,3.8084075,0.0,1,1702872722,1
jaichand_globalassure,"2023-12-18 13:56:08",2023-12-18,77.4197336,28.6810835,0.32803106,0.00000348,2,1702872722,1
jaichand_globalassure,"2023-12-18 13:56:22",2023-12-18,77.42647,28.6821433,48.898453,0.0,1,1702872722,1
jaichand_globalassure,"2023-12-18 13:56:39",2023-12-18,77.4273604,28.6831426,2.1696358,18.868814,1,1702872722,1
jaichand_globalassure,"2023-12-18 13:56:46",2023-12-18,77.4218067,28.6815183,0.0,0.0,2,1702872722,1
jaichand_globalassure,"2023-12-18 13:57:02",2023-12-18,77.4209233,28.67775,0.0,0.0,2,1702872722,1
jaichand_globalassure,"2023-12-18 13:57:21",2023-12-18,77.4240567,28.6839183,0.0,0.0,2,1702872722,32
jaichand_globalassure,"2023-12-18 13:57:49",2023-12-18,77.428491,28.684002,15.133902,0.0,1,1702872722,32
jaichand_globalassure,"2023-12-18 13:57:59",2023-12-18,77.4287922,28.6838595,0.1466325,180.0,2,1702872722,32
jaichand_globalassure,"2023-12-18 13:58:16",2023-12-18,77.4273216,28.6845043,7.646727,36.681507,1,1702872722,1
jaichand_globalassure,"2023-12-18 13:58:29",2023-12-18,77.4288003,28.6851658,13.865258,65.758446,1,1702872722,1
jaichand_globalassure,"2023-12-18 13:58:38",2023-12-18,77.4280155,28.6849731,0.9869442,0.0000011,2,1702872722,1
jaichand_globalassure,"2023-12-18 13:58:55",2023-12-18,77.4278505,28.6841939,2.3859227,180.0,1,1702872722,1
jaichand_globalassure,"2023-12-18 13:59:09",2023-12-18,77.4278505,28.6839165,2.1843207,180.00388,1,1702872722,1
jaichand_globalassure,"2023-12-18 13:59:17",2023-12-18,77.4324717,28.6874233,25.838045,0.0,1,1702872722,1
jaichand_globalassure,"2023-12-18 13:59:32",2023-12-18,77.4347857,28.6894672,41.18891,0.0,1,1702872722,1
jaichand_globalassure,"2023-12-18 13:59:38",2023-12-18,77.42984,28.69319,36.849762,0.0,1,1702872722,1
jaichand_globalassure,"2023-12-18 13:59:52",2023-12-18,77.436475,28.6907967,10.799678,0.0,1,1702872722,1
jaichand_globalassure,"2023-12-18 14:00:02",2023-12-18,77.4374204,28.6922437,0.43830884,0.00000008,2,1702872722,1
jaichand_globalassure,"2023-12-18 14:00:06",2023-12-18,77.4378046,28.6920338,0.2950365,180.0,2,1702872722,1
jaichand_globalassure,"2023-12-18 14:00:20",2023-12-18,77.4383831,28.6926882,0.5731166,0.00000211,2,1702872722,1
jaichand_globalassure,"2023-12-18 14:00:36",2023-12-18,77.4367267,28.6936533,7.2228613,0.0,1,1702872722,1
jaichand_globalassure,"2023-12-18 14:00:55",2023-12-18,77.4358371,28.6917658,0.7754974,180.0,2,1702872722,1
jaichand_globalassure,"2023-12-18 14:01:10",2023-12-18,77.4368485,28.692264,0.31389976,0.00004477,2,1702872722,32
jaichand_globalassure,"2023-12-18 14:01:29",2023-12-18,77.434595,28.6970283,29.516249,0.0,1,1702872722,1
jaichand_globalassure,"2023-12-18 14:01:44",2023-12-18,77.4342583,28.7011983,29.443287,0.0,1,1702872722,1
jaichand_globalassure,"2023-12-18 14:02:03",2023-12-18,77.4368917,28.6973417,0.0,0.0,2,1702872722,1
jaichand_globalassure,"2023-12-18 14:02:19",2023-12-18,77.433905,28.7002233,0.0,0.0,2,1702872722,1
jaichand_globalassure,"2023-12-18 14:02:36",2023-12-18,77.433507,28.6999777,0.7976263,180.0,2,1702872722,1
jaichand_globalassure,"2023-12-18 14:02:53",2023-12-18,77.4327083,28.6998115,0.37483332,180.0004,2,1702872722,1
jaichand_globalassure,"2023-12-18 14:03:09",2023-12-18,77.4368717,28.6974583,29.48001,0.0,1,1702872722,1
jaichand_globalassure,"2023-12-18 14:03:24",2023-12-18,77.436465,28.697713,1.3216913,0.0,1,1702872722,1
jaichand_globalassure,"2023-12-18 14:03:39",2023-12-18,77.4349536,28.6978015,0.3173382,359.99997,2,1702872722,1
jaichand_globalassure,"2023-12-18 14:03:54",2023-12-18,77.4341905,28.697767,0.018910144,0.0,2,1702872722,1
jaichand_globalassure,"2023-12-18 14:04:09",2023-12-18,77.4307369,28.6977332,13.566268,0.0,1,1702872722,1
jaichand_globalassure,"2023-12-18 14:04:39",2023-12-18,77.4284814,28.6969478,9.939032,231.2077,1,1702872722,32
jaichand_globalassure,"2023-12-18 14:04:50",2023-12-18,77.4274522,28.6971516,1.6094639,0.0,1,1702872722,32
jaichand_globalassure,"2023-12-18 14:04:55",2023-12-18,77.4264113,28.6974701,11.255839,296.6951,1,1702872722,32
jaichand_globalassure,"2023-12-18 14:05:10",2023-12-18,77.4256718,28.6980965,6.2465568,322.70724,1,1702872722,32
jaichand_globalassure,"2023-12-18 14:05:20",2023-12-18,77.4259034,28.6979172,0.03493621,0.0,2,1702872722,32
jaichand_globalassure,"2023-12-18 14:05:29",2023-12-18,77.4256002,28.6982857,5.215523,323.42203,1,1702872722,32
jaichand_globalassure,"2023-12-18 14:05:40",2023-12-18,77.4201283,28.70279,14.926139,0.0,1,1702872722,32
jaichand_globalassure,"2023-12-18 14:05:50",2023-12-18,77.4238417,28.6966017,8.945116,0.0,1,1702872722,32
jaichand_globalassure,"2023-12-18 14:05:56",2023-12-18,77.4253117,28.6986,6.4950995,0.0,1,1702872722,32
jaichand_globalassure,"2023-12-18 14:06:10",2023-12-18,77.4256558,28.6982802,4.245848,136.4498,1,1702872722,32
jaichand_globalassure,"2023-12-18 14:06:15",2023-12-18,77.425594,28.6986382,0.80715466,0.0,2,1702872722,32
jaichand_globalassure,"2023-12-18 14:06:24",2023-12-18,77.4255916,28.6982511,1.4849253,180.0,1,1702872722,32
jaichand_globalassure,"2023-12-18 14:06:44",2023-12-18,77.4278217,28.7022117,24.462145,0.0,1,1702872722,8
jaichand_globalassure,"2023-12-18 14:06:59",2023-12-18,77.42563,28.698385,0.4331809,0.0,2,1702872722,8
jaichand_globalassure,"2023-12-18 14:07:27",2023-12-18,77.4256967,28.6979433,0.5703663,0.0,2,1702872722,8
jaichand_globalassure,"2023-12-18 14:07:39",2023-12-18,77.4255743,28.6982107,2.3544588,338.12854,1,1702872722,8
jaichand_globalassure,"2023-12-18 14:08:06",2023-12-18,77.4256145,28.6984464,17.803843,147.47305,1,1702872722,8
jaichand_globalassure,"2023-12-18 14:08:19",2023-12-18,77.4256408,28.6982537,1.2049662,187.34871,1,1702872722,8
jaichand_globalassure,"2023-12-18 14:08:32",2023-12-18,77.4253113,28.6983636,10.145123,306.3466,1,1702872722,8
jaichand_globalassure,"2023-12-18 14:08:44",2023-12-18,77.425384,28.6982552,4.931325,133.94696,1,1702872722,8
jaichand_globalassure,"2023-12-18 14:08:50",2023-12-18,77.4255031,28.6981547,2.9394312,133.90753,1,1702872722,32
jaichand_globalassure,"2023-12-18 14:09:00",2023-12-18,77.4256434,28.6982807,1.6660229,83.76763,1,1702872722,8
jaichand_globalassure,"2023-12-18 14:09:33",2023-12-18,77.4250529,28.6978966,1.7980134,144.31787,1,1702872722,32
jaichand_globalassure,"2023-12-18 14:09:45",2023-12-18,77.4249278,28.6980057,0.9315927,97.68619,2,1702872722,32
jaichand_globalassure,"2023-12-18 14:09:56",2023-12-18,77.4255058,28.6981979,3.8493671,75.41013,1,1702872722,8
jaichand_globalassure,"2023-12-18 14:10:06",2023-12-18,77.4253036,28.6982425,0.053552434,0.0,2,1702872722,8
jaichand_globalassure,"2023-12-18 14:10:22",2023-12-18,77.4245923,28.6988969,1.9718611,303.56763,1,1702872722,8
jaichand_globalassure,"2023-12-18 14:10:34",2023-12-18,77.4255218,28.6985203,2.4141407,179.9998,1,1702872722,8
jaichand_globalassure,"2023-12-18 14:10:46",2023-12-18,77.4255716,28.698146,0.07731331,0.0,2,1702872722,8
jaichand_globalassure,"2023-12-18 14:11:10",2023-12-18,77.4252113,28.6995127,0.45746878,0.0,2,1702872722,8
jaichand_globalassure,"2023-12-18 14:11:26",2023-12-18,77.425585,28.698175,1.1468011,247.0,1,1702872722,8
jaichand_globalassure,"2023-12-18 14:11:41",2023-12-18,77.4262989,28.6996561,0.24676122,0.0000314,2,1702872722,8
jaichand_globalassure,"2023-12-18 14:11:56",2023-12-18,77.4254583,28.6993467,0.0,0.0,2,1702872722,8
jaichand_globalassure,"2023-12-18 14:12:15",2023-12-18,77.4252883,28.69941,0.0,0.0,2,1702872722,8
jaichand_globalassure,"2023-12-18 14:12:28",2023-12-18,77.4255615,28.698246,12.103828,168.11093,1,1702872722,8
jaichand_globalassure,"2023-12-18 14:13:01",2023-12-18,77.4256689,28.6980079,3.0042033,179.99998,1,1702872722,32
jaichand_globalassure,"2023-12-18 14:13:14",2023-12-18,77.4270401,28.6979599,0.10086471,0.00084337,2,1702872722,8
jaichand_globalassure,"2023-12-18 14:13:26",2023-12-18,77.4258391,28.6980678,2.2973099,210.25977,1,1702872722,8
jaichand_globalassure,"2023-12-18 14:13:39",2023-12-18,77.4271532,28.6997045,0.5355105,0.00000502,2,1702872722,8
jaichand_globalassure,"2023-12-18 14:13:57",2023-12-18,77.4255433,28.69684,0.0,0.0,2,1702872722,8
jaichand_globalassure,"2023-12-18 14:14:08",2023-12-18,77.4257128,28.6983256,2.3780553,62.628033,1,1702872722,8
jaichand_globalassure,"2023-12-18 14:14:27",2023-12-18,77.4261723,28.697855,0.7016601,180.0,2,1702872722,8
jaichand_globalassure,"2023-12-18 14:14:39",2023-12-18,77.4256373,28.6983159,3.0314832,33.969055,1,1702872722,8
jaichand_globalassure,"2023-12-18 14:14:52",2023-12-18,77.4262267,28.695435,11.084543,97.0,1,1702872722,8
jaichand_globalassure,"2023-12-18 14:15:08",2023-12-18,77.4240117,28.6973883,0.0,0.0,2,1702872722,32
jaichand_globalassure,"2023-12-18 14:15:21",2023-12-18,77.425192,28.6979532,1.0400093,199.39156,1,1702872722,32
jaichand_globalassure,"2023-12-18 14:15:36",2023-12-18,77.42444,28.7002417,0.0,0.0,2,1702872722,32
jaichand_globalassure,"2023-12-18 14:15:51",2023-12-18,77.425565,28.6981417,0.0,0.0,2,1702872722,32
jaichand_globalassure,"2023-12-18 14:16:04",2023-12-18,77.4252876,28.6978265,1.2849345,26.683887,1,1702872722,32
jaichand_globalassure,"2023-12-18 14:16:16",2023-12-18,77.4255537,28.6981324,2.148874,0.00003342,1,1702872722,32
jaichand_globalassure,"2023-12-18 14:16:25",2023-12-18,77.4255676,28.6982693,1.8089458,0.00007608,1,1702872722,32
jaichand_globalassure,"2023-12-18 14:16:31",2023-12-18,77.424331,28.6973201,7.822193,180.00021,1,1702872722,32
jaichand_globalassure,"2023-12-18 14:16:46",2023-12-18,77.4231467,28.6975417,0.0,0.0,2,1702872722,32
jaichand_globalassure,"2023-12-18 14:16:58",2023-12-18,77.423834,28.6984863,1.6706822,0,1,1702872722,32
jaichand_globalassure,"2023-12-18 14:17:10",2023-12-18,77.4250278,28.6980907,3.0281413,179.99995,1,1702872722,32
jaichand_globalassure,"2023-12-18 14:17:18",2023-12-18,77.4250281,28.6978998,2.6807153,179.99994,1,1702872722,32
jaichand_globalassure,"2023-12-18 14:17:24",2023-12-18,77.4246234,28.6982291,0.5732689,359.99945,2,1702872722,32
jaichand_globalassure,"2023-12-18 14:17:39",2023-12-18,77.4253592,28.698331,0.21231811,0.00000001,2,1702872722,32
jaichand_globalassure,"2023-12-18 14:17:54",2023-12-18,77.425225,28.6980733,0.0,0.0,2,1702872722,32
jaichand_globalassure,"2023-12-18 14:18:06",2023-12-18,77.4255087,28.6982341,1.4012462,0.00012607,1,1702872722,8
jaichand_globalassure,"2023-12-18 14:18:20",2023-12-18,77.4255017,28.6988594,3.5208573,0.0,1,1702872722,8
jaichand_globalassure,"2023-12-18 14:18:33",2023-12-18,77.4257146,28.6982003,0.5160794,180.0,2,1702872722,8
jaichand_globalassure,"2023-12-18 14:19:01",2023-12-18,77.4246886,28.6983227,0.01629918,0.0,2,1702872722,8
jaichand_globalassure,"2023-12-18 14:19:14",2023-12-18,77.4251826,28.6980775,0.9788229,179.99994,2,1702872722,8
jaichand_globalassure,"2023-12-18 14:19:26",2023-12-18,77.4255065,28.6980589,0.0056591956,0.0,2,1702872722,8
jaichand_globalassure,"2023-12-18 14:19:36",2023-12-18,77.425565,28.6982327,1.5061467,0.00006358,1,1702872722,8
jaichand_globalassure,"2023-12-18 14:19:52",2023-12-18,77.4256348,28.6980307,0.05423663,0.0,2,1702872722,8
jaichand_globalassure,"2023-12-18 14:20:04",2023-12-18,77.4254495,28.698186,0.16077167,0.0,2,1702872722,8
jaichand_globalassure,"2023-12-18 14:20:17",2023-12-18,77.4247967,28.6978711,0.34656003,180.00038,2,1702872722,8
jaichand_globalassure,"2023-12-18 14:20:29",2023-12-18,77.4246381,28.6974006,0.07555163,0.0,2,1702872722,8
jaichand_globalassure,"2023-12-18 14:20:41",2023-12-18,77.4254325,28.6981585,1.1288483,16.566694,1,1702872722,8
jaichand_globalassure,"2023-12-18 14:20:54",2023-12-18,77.4240583,28.6984765,0.036874637,0.0,2,1702872722,8
jaichand_globalassure,"2023-12-18 14:21:02",2023-12-18,77.4250826,28.6983084,1.3341439,179.99788,1,1702872722,8
jaichand_globalassure,"2023-12-18 14:21:18",2023-12-18,77.4255847,28.6982784,33.361427,90.605934,1,1702872722,8
jaichand_globalassure,"2023-12-18 14:21:32",2023-12-18,77.4247569,28.6980557,1.6535577,359.0729,1,1702872722,8
jaichand_globalassure,"2023-12-18 14:21:45",2023-12-18,77.4254638,28.69847,0.5105073,0.00000657,2,1702872722,8
jaichand_globalassure,"2023-12-18 14:21:57",2023-12-18,77.4252784,28.6981745,1.0607133,230.15436,1,1702872722,8
jaichand_globalassure,"2023-12-18 14:22:08",2023-12-18,77.4246311,28.6987192,0.7782325,359.42703,2,1702872722,8
jaichand_globalassure,"2023-12-18 14:22:21",2023-12-18,77.4260429,28.6978976,0.1953409,179.99992,2,1702872722,8
jaichand_globalassure,"2023-12-18 14:22:31",2023-12-18,77.4257461,28.6982666,3.542649,359.9998,1,1702872722,8
jaichand_globalassure,"2023-12-18 14:23:14",2023-12-18,77.4256311,28.6981533,1.128276,180.0,1,1702872722,8
jaichand_globalassure,"2023-12-18 14:23:26",2023-12-18,77.4250129,28.6971556,1.0599005,262.33102,1,1702872722,8
jaichand_globalassure,"2023-12-18 14:23:36",2023-12-18,77.4255535,28.6981029,6.2087073,33.113003,1,1702872722,8
jaichand_globalassure,"2023-12-18 14:23:52",2023-12-18,77.4250104,28.6971482,1.6890787,224.45663,1,1702872722,8
jaichand_globalassure,"2023-12-18 14:24:04",2023-12-18,77.4253406,28.6980296,0.7495608,0.00000548,2,1702872722,8
jaichand_globalassure,"2023-12-18 14:24:30",2023-12-18,77.421965,28.69386,0.0,0.0,2,1702872722,8
jaichand_globalassure,"2023-12-18 14:24:42",2023-12-18,77.419395,28.6947383,0.0,0.0,2,1702872722,8
jaichand_globalassure,"2023-12-18 14:24:54",2023-12-18,77.418392,28.6937158,0.10092369,180.0,2,1702872722,8
jaichand_globalassure,"2023-12-18 14:25:08",2023-12-18,77.42311,28.6959067,0.0,0.0,2,1702872722,8
jaichand_globalassure,"2023-12-18 14:25:20",2023-12-18,77.421435,28.69408,1.3027619,245.0,1,1702872722,8
jaichand_globalassure,"2023-12-18 14:25:38",2023-12-18,77.4211365,28.6944888,2.223974,359.99988,1,1702872722,32
jaichand_globalassure,"2023-12-18 14:25:44",2023-12-18,77.4245005,28.697366,0.042551465,0.0,2,1702872722,64
jaichand_globalassure,"2023-12-18 14:26:04",2023-12-18,77.4279514,28.6991107,0.0,0.0,2,1702872722,32
jaichand_globalassure,"2023-12-18 14:26:12",2023-12-18,77.4255377,28.6982119,0.0,93.856964,2,1702872722,32
jaichand_globalassure,"2023-12-18 14:26:34",2023-12-18,77.4248492,28.6972856,7.4892774,213.84644,1,1702872722,32
jaichand_globalassure,"2023-12-18 14:26:52",2023-12-18,77.4255231,28.6982052,0.092678934,0.0,2,1702872722,8
jaichand_globalassure,"2023-12-18 14:27:22",2023-12-18,77.4252674,28.6981748,0.0,0.0,2,1702872722,8
jaichand_globalassure,"2023-12-18 14:27:34",2023-12-18,77.4239108,28.6979275,0.46724078,180.00092,2,1702872722,8
jaichand_globalassure,"2023-12-18 14:27:44",2023-12-18,77.423535,28.6978977,3.6368413,264.69556,1,1702872722,8
jaichand_globalassure,"2023-12-18 14:28:23",2023-12-18,77.4254171,28.6982286,0.0063484767,0.0,2,1702872722,8
jaichand_globalassure,"2023-12-18 14:28:53",2023-12-18,77.4255193,28.6981198,0.0037682592,0.0,2,1702872722,8
jaichand_globalassure,"2023-12-18 14:29:45",2023-12-18,77.4255193,28.6981198,0.0037682592,0.0,2,1702872722,8
jaichand_globalassure,"2023-12-18 14:30:45",2023-12-18,77.4252725,28.6978447,0.008317091,0.0,2,1702872722,8
jaichand_globalassure,"2023-12-18 14:30:55",2023-12-18,77.4249569,28.6970868,4.354185,180.00002,1,1702872722,8
jaichand_globalassure,"2023-12-18 14:31:01",2023-12-18,77.4255259,28.6981927,0.28467384,0.00000755,2,1702872722,8
jaichand_globalassure,"2023-12-18 14:31:35",2023-12-18,77.4247129,28.6983285,0.0153637035,0.0,2,1702872722,8
jaichand_globalassure,"2023-12-18 14:32:05",2023-12-18,77.425533,28.698227,0.0018549783,0.0,2,1702872722,8
jaichand_globalassure,"2023-12-18 14:32:47",2023-12-18,77.4246618,28.6979655,0.0762695,0.0,2,1702872722,8
jaichand_globalassure,"2023-12-18 14:33:18",2023-12-18,77.4254885,28.6980413,0.029672392,0.0,2,1702872722,8
jaichand_globalassure,"2023-12-18 14:33:35",2023-12-18,77.4254953,28.6978302,1.1747411,180.0,1,1702872722,8
jaichand_globalassure,"2023-12-18 14:33:44",2023-12-18,77.4251584,28.698042,0.039415434,0.0,2,1702872722,8
jaichand_globalassure,"2023-12-18 14:34:00",2023-12-18,77.4235862,28.6968816,0.6988699,180.00009,2,1702872722,8
jaichand_globalassure,"2023-12-18 14:34:05",2023-12-18,77.4245517,28.6976688,0.1701879,0,2,1702872722,8
jaichand_globalassure,"2023-12-18 14:34:15",2023-12-18,77.424266,28.6973056,1.9388747,180.00003,1,1702872722,8
jaichand_globalassure,"2023-12-18 14:34:24",2023-12-18,77.4235959,28.6968771,8.80163,233.92474,1,1702872722,8
jaichand_globalassure,"2023-12-18 14:34:55",2023-12-18,77.4248152,28.6972863,0.0,0.0,2,1702872722,8
jaichand_globalassure,"2023-12-18 14:35:25",2023-12-18,77.4255213,28.698196,0.0,0.0,2,1702872722,8
jaichand_globalassure,"2023-12-18 14:35:45",2023-12-18,77.425375,28.698015,0.0,0.0,2,1702872722,8
jaichand_globalassure,"2023-12-18 14:36:05",2023-12-18,77.4255569,28.6982326,2.666913,36.58177,1,1702872722,8
jaichand_globalassure,"2023-12-18 14:36:30",2023-12-18,77.423755,28.6973467,0.0,0.0,2,1702872722,8
jaichand_globalassure,"2023-12-18 14:36:51",2023-12-18,77.4222789,28.6972521,0.05613098,0.0,2,1702872722,8
jaichand_globalassure,"2023-12-18 14:37:15",2023-12-18,77.4255573,28.6982201,0.0,0.0,2,1702872722,8
jaichand_globalassure,"2023-12-18 14:37:50",2023-12-18,77.4184075,28.6952571,0.13535058,180.00041,2,1702872722,8
jaichand_globalassure,"2023-12-18 14:38:08",2023-12-18,77.4174564,28.6937749,0.42143926,180.00008,2,1702872722,8
jaichand_globalassure,"2023-12-18 14:38:47",2023-12-18,77.4255399,28.6982215,0.0,0.0,2,1702872722,8
jaichand_globalassure,"2023-12-18 14:39:05",2023-12-18,77.4250005,28.6983939,0.06130036,0.0,2,1702872722,8
jaichand_globalassure,"2023-12-18 14:39:17",2023-12-18,77.4255933,28.698289,5.576715,101.347824,1,1702872722,8
jaichand_globalassure,"2023-12-18 14:39:24",2023-12-18,77.4254379,28.6983882,0.042143747,0.0,2,1702872722,8
jaichand_globalassure,"2023-12-18 14:39:37",2023-12-18,77.4255911,28.6982463,2.047563,136.16142,1,1702872722,8
jaichand_globalassure,"2023-12-18 14:40:37",2023-12-18,77.4255943,28.6982385,0.0,0.0,2,1702872722,8
jaichand_globalassure,"2023-12-18 14:40:57",2023-12-18,77.4255724,28.6982244,5.2491426,251.63368,1,1702872722,8
jaichand_globalassure,"2023-12-18 14:41:33",2023-12-18,77.4258376,28.6982575,0.6912751,180.0,2,1702872722,8
jaichand_globalassure,"2023-12-18 14:42:15",2023-12-18,77.42539,28.6981717,0.0,0.0,2,1702872722,8
jaichand_globalassure,"2023-12-18 14:42:59",2023-12-18,77.4255506,28.6982247,0.0,0.0,2,1702872722,8
jaichand_globalassure,"2023-12-18 14:43:35",2023-12-18,77.4247892,28.6980389,11.860766,254.46115,1,1702872722,8
jaichand_globalassure,"2023-12-18 14:43:55",2023-12-18,77.4249367,28.6979567,0.0,0.0,2,1702872722,8
jaichand_globalassure,"2023-12-18 14:44:09",2023-12-18,77.4255643,28.6982331,6.0554023,63.340065,1,1702872722,8
jaichand_globalassure,"2023-12-18 14:44:18",2023-12-18,77.4244119,28.6984683,12.216466,283.39505,1,1702872722,8
jaichand_globalassure,"2023-12-18 14:44:29",2023-12-18,77.425544,28.6982293,10.489257,103.525925,1,1702872722,8
jaichand_globalassure,"2023-12-18 14:45:12",2023-12-18,77.4248847,28.6979956,18.600172,248.12253,1,1702872722,8
jaichand_globalassure,"2023-12-18 14:45:29",2023-12-18,77.4255568,28.6982211,8.911385,68.6953,1,1702872722,8
jaichand_globalassure,"2023-12-18 14:45:47",2023-12-18,77.4257778,28.6981845,3.0678046,243.96982,1,1702872722,8
jaichand_globalassure,"2023-12-18 14:46:16",2023-12-18,77.4206,28.6954217,0.0,0.0,2,1702872722,8
jaichand_globalassure,"2023-12-18 14:46:37",2023-12-18,77.419145,28.6934667,0.0,0.0,2,1702872722,8
jaichand_globalassure,"2023-12-18 14:47:13",2023-12-18,77.419145,28.6934667,0.0,0.0,2,1702872722,8
jaichand_globalassure,"2023-12-18 14:48:13",2023-12-18,77.4255988,28.6982422,0.0,0.0,2,1702872722,8
jaichand_globalassure,"2023-12-18 14:48:43",2023-12-18,77.425617,28.6982528,0.0,0.0,2,1702872722,8
jaichand_globalassure,"2023-12-18 14:49:28",2023-12-18,77.4258578,28.6984796,0.35237205,180.00006,2,1702872722,8
jaichand_globalassure,"2023-12-18 14:49:43",2023-12-18,77.4255814,28.6982475,3.207368,227.88625,1,1702872722,8
jaichand_globalassure,"2023-12-18 14:50:04",2023-12-18,77.4258778,28.6991239,2.5527012,0.00001079,1,1702872722,8
jaichand_globalassure,"2023-12-18 14:50:26",2023-12-18,77.425624,28.6982452,0.0,0.0,2,1702872722,8
jaichand_globalassure,"2023-12-18 14:51:06",2023-12-18,77.4256168,28.6982948,0.0,0.0,2,1702872722,8
jaichand_globalassure,"2023-12-18 14:51:25",2023-12-18,77.4256127,28.6982474,13.012403,245.28552,1,1702872722,32
jaichand_globalassure,"2023-12-18 14:51:58",2023-12-18,77.4254032,28.698258,0.21282353,359.99994,2,1702872722,8
jaichand_globalassure,"2023-12-18 14:52:16",2023-12-18,77.4255784,28.6982548,0.7558281,339.5036,2,1702872722,8
jaichand_globalassure,"2023-12-18 14:52:24",2023-12-18,77.4243926,28.6979005,1.3176408,180.00003,1,1702872722,8
jaichand_globalassure,"2023-12-18 14:52:36",2023-12-18,77.4255392,28.6982294,11.188017,72.72536,1,1702872722,8
jaichand_globalassure,"2023-12-18 14:52:56",2023-12-18,77.4255631,28.6982368,0.0,0.0,2,1702872722,8
jaichand_globalassure,"2023-12-18 14:53:02",2023-12-18,77.4255519,28.6980833,0.21190158,180.0,2,1702872722,8
jaichand_globalassure,"2023-12-18 14:53:26",2023-12-18,77.4257291,28.6982838,40.130356,247.02736,1,1702872722,8
jaichand_globalassure,"2023-12-18 14:53:46",2023-12-18,77.4256091,28.6982235,4.2158093,53.98135,1,1702872722,8
jaichand_globalassure,"2023-12-18 14:54:11",2023-12-18,77.4255767,28.6984333,0.0,0.0,2,1702872722,8
jaichand_globalassure,"2023-12-18 14:55:12",2023-12-18,77.4279052,28.7004317,0.8054305,0.00001305,2,1702872722,8
jaichand_globalassure,"2023-12-18 14:55:31",2023-12-18,77.4255917,28.6977117,0.0,0.0,2,1702872722,8
jaichand_globalassure,"2023-12-18 14:55:53",2023-12-18,77.4252083,28.6973633,0.0,0.0,2,1702872722,8
jaichand_globalassure,"2023-12-18 14:56:28",2023-12-18,77.4255954,28.6982391,1.2573338,0.00000114,1,1702872722,8
jaichand_globalassure,"2023-12-18 14:57:25",2023-12-18,77.4258667,28.6977367,0.0,0.0,2,1702872722,8
jaichand_globalassure,"2023-12-18 14:57:48",2023-12-18,77.4255999,28.6982474,0.0,0.0,2,1702872722,8
jaichand_globalassure,"2023-12-18 14:59:04",2023-12-18,77.4255457,28.6982296,0.0,0.0,2,1702872722,8
jaichand_globalassure,"2023-12-18 14:59:10",2023-12-18,77.4262331,28.6976685,0.4957653,180.0,2,1702872722,8
jaichand_globalassure,"2023-12-18 14:59:34",2023-12-18,77.4255993,28.6982662,0.0,0.0,2,1702872722,8
jaichand_globalassure,"2023-12-18 14:59:34",2023-12-18,77.4255993,28.6982662,0.0,0.0,2,1702872722,8
jaichand_globalassure,"2023-12-18 15:05:49",2023-12-18,77.4255993,28.6982662,0.0,0.0,2,1702872722,8
jaichand_globalassure,"2023-12-18 15:06:49",2023-12-18,77.4255673,28.6982346,0.0,0.0,2,1702872722,8
jaichand_globalassure,"2023-12-18 15:07:18",2023-12-18,77.4255578,28.6982368,8.49254,245.7381,1,1702872722,8
jaichand_globalassure,"2023-12-18 15:07:39",2023-12-18,77.4255617,28.6982332,0.0,0.0,2,1702872722,8
jaichand_globalassure,"2023-12-18 15:08:15",2023-12-18,77.4271936,28.6983994,13.027796,234.36249,1,1702872722,8
jaichand_globalassure,"2023-12-18 15:08:29",2023-12-18,77.4255304,28.6982146,12.596553,264.11234,1,1702872722,8
jaichand_globalassure,"2023-12-18 15:08:50",2023-12-18,77.41899,28.6925833,0.0,0.0,2,1702872722,8
jaichand_globalassure,"2023-12-18 15:09:52",2023-12-18,77.4255652,28.6982335,3.7131484,7.2802577,1,1702872722,8
jaichand_globalassure,"2023-12-18 15:11:02",2023-12-18,77.4255691,28.6982311,11.951434,345.64413,1,1702872722,8
jaichand_globalassure,"2023-12-18 15:11:24",2023-12-18,77.4246108,28.6979804,34.76494,253.53105,1,1702872722,8
jaichand_globalassure,"2023-12-18 15:11:46",2023-12-18,77.4255339,28.6982219,0.0,0.0,2,1702872722,8
jaichand_globalassure,"2023-12-18 15:12:06",2023-12-18,77.4255705,28.6982362,3.027606,203.94398,1,1702872722,8
jaichand_globalassure,"2023-12-18 15:12:39",2023-12-18,77.425552,28.6982277,11.301327,57.87508,1,1702872722,8
jaichand_globalassure,"2023-12-18 15:13:20",2023-12-18,77.4255609,28.6982334,3.872446,12.894196,1,1702872722,8
jaichand_globalassure,"2023-12-18 15:13:40",2023-12-18,77.4255423,28.6982203,0.0,0.0,2,1702872722,8
jaichand_globalassure,"2023-12-18 15:14:10",2023-12-18,77.4254433,28.69799,0.0,0.0,2,1702872722,8
jaichand_globalassure,"2023-12-18 15:14:51",2023-12-18,77.4255568,28.6982447,0.0,0.0,2,1702872722,8
jaichand_globalassure,"2023-12-18 15:16:01",2023-12-18,77.4279557,28.6991153,0.0,0.0,2,1702872722,8
jaichand_globalassure,"2023-12-18 15:16:31",2023-12-18,77.4255442,28.6982285,0.0,0.0,2,1702872722,8
jaichand_globalassure,"2023-12-18 15:16:39",2023-12-18,77.428005,28.6989467,0.0,0.0,2,1702872722,8
jaichand_globalassure,"2023-12-18 15:17:01",2023-12-18,77.4255606,28.698237,0.0,0.0,2,1702872722,8
jaichand_globalassure,"2023-12-18 15:18:10",2023-12-18,77.4255876,28.6982463,1.6667699,42.48728,1,1702872722,8
jaichand_globalassure,"2023-12-18 15:18:45",2023-12-18,77.4256108,28.6982355,0.0,0.0,2,1702872722,8
jaichand_globalassure,"2023-12-18 15:18:50",2023-12-18,77.4263615,28.6983193,8.904566,82.750206,1,1702872722,8
jaichand_globalassure,"2023-12-18 15:19:05",2023-12-18,77.4256094,28.6982353,6.896337,262.7481,1,1702872722,8
jaichand_globalassure,"2023-12-18 15:19:24",2023-12-18,77.4255457,28.6982255,0.0,0.0,2,1702872722,8
